prepared_sample_id,split,status,group_id,export_batch,timestamp_dir,sample_dir,tif_name,image_hash,mark_count,duplicate_count,classes_present
102487__2025_03_20_09_21_52_702063__4151595,train,annotated_nonzero,102487,cases_export_1775094268776,2025_03_20_09_21_52_702063,4151595,s-102487-1a0009.tif,01c4ab7750e601fd3753110d0588f6e9c4ec09bf,201,1,严重损伤线粒体|中度损伤线粒体|健康线粒体|闰盘|Z线样物质堆积|脂滴|Z线|T管|M线|心肌侧管
96650__2025_02_07_13_43_15_586952__7706619,test,annotated_nonzero,96650,cases_export_1775094268776,2025_02_07_13_43_15_586952,7706619,s-96650-1b0005.tif,0333241a1a65ee4ea4b2b69f14b4bea2f5bec02a,63,1,健康线粒体|Z线|心肌侧管
78709__2025_02_06_11_21_39_830540__6240906,train,groups_but_zero_marks,78709,cases_export_1775099769937,2025_02_06_11_21_39_830540,6240906,s-78709-1a0002.tif,035def3bb6a124d6f45bf575a306971d072cd975,0,1,
99575__2025_02_07_13_52_08_837875__9864600,val,annotated_nonzero,99575,cases_export_1775094268776,2025_02_07_13_52_08_837875,9864600,s-99575-1a0004.tif,042cce12a7795f797a681fffa08a7922549357db,123,1,严重损伤线粒体|中度损伤线粒体|健康线粒体|自噬线粒体|肌浆网|Z线|M线|心肌侧管
96650__2025_02_07_13_43_15_586952__923557,test,annotated_nonzero,96650,cases_export_1775094268776,2025_02_07_13_43_15_586952,923557,s-96650-1b0004.tif,04649fc5fe0d2718d773171ee3812a843804d706,118,1,健康线粒体|肌浆网|闰盘|Z线|M线|心肌侧管
102966__2025_04_23_09_15_22_574073__1149652,train,annotated_nonzero,102966,cases_export_1775094268776,2025_04_23_09_15_22_574073,1149652,s-102966-1b0001.tif,04c7d37acb21c07ede4b1f7c972dc49880efb0ff,214,1,中度损伤线粒体|健康线粒体|肌浆网|闰盘|脂滴|Z线|M线|心肌侧管
102455__2025_03_20_09_17_15_98408__565349,train,groups_but_zero_marks,102455,cases_export_1775094268776,2025_03_20_09_17_15_98408,565349,s-102455-1b0010.tif,04e2b0d6e71b11c5b5c08b6dc72e5165d0a462cd,0,1,
100538__2025_02_07_13_53_31_253108__4907509,test,annotated_nonzero,100538,cases_export_1775094268776,2025_02_07_13_53_31_253108,4907509,s-100538-1b0001.tif,059554c37dc5f66994655f681f518e6d3fae9a81,184,2,中度损伤线粒体|健康线粒体|闰盘|Z线样物质堆积|Z线|T管|M线|心肌侧管
101879__2025_09_29_14_17_57_268617__7765717,test,annotated_nonzero,101879,cases_export_1775094268776,2025_09_29_14_17_57_268617,7765717,s-101879-1b0001.tif,08a1275bb7c43ff74b373a7c5a8b4815f639ef62,236,1,严重损伤线粒体|中度损伤线粒体|健康线粒体|Z线|T管|M线|心肌侧管
78192__2025_02_06_11_04_02_84862__6084462,train,annotated_nonzero,78192,cases_export_1775099769937,2025_02_06_11_04_02_84862,6084462,s-78192-1a0018.tif,08d4d4cfeeeeb43abf1686bf78b8decea48600e8,150,1,严重损伤线粒体|健康线粒体|肌浆网|Z线
101581__2025_07_24_13_54_36_303072__4986393,train,annotated_nonzero,101581,cases_export_1775094268776,2025_07_24_13_54_36_303072,4986393,s-101581-1b0014.tif,099ac931964bdee01692e7a75b42d0a3df96dd23,174,1,严重损伤线粒体|中度损伤线粒体|健康线粒体|肌浆网|闰盘|Z线|M线|心肌侧管
101720__2025_02_07_13_56_22_742686__6140333,val,annotated_nonzero,101720,cases_export_1775094268776,2025_02_07_13_56_22_742686,6140333,s-101720-1a0018.tif,0a2066c4220944f918916859465d0725d9a84d5a,322,1,严重损伤线粒体|健康线粒体|肌浆网|脂滴|Z线|T管|M线|心肌侧管
106363__2025_09_26_15_55_36_591464__9543768,train,annotated_nonzero,106363,cases_export_1775094268776,2025_09_26_15_55_36_591464,9543768,10636302.tif,0a4f288d8f3b56dc6befd3b140b93ba89e526d6e,153,1,严重损伤线粒体|中度损伤线粒体|健康线粒体|自噬线粒体|闰盘|Z线|M线|心肌侧管
78709__2025_02_06_11_21_39_830540__9482218,train,annotated_nonzero,78709,cases_export_1775099769937,2025_02_06_11_21_39_830540,9482218,s-78709-1a0001.tif,0b5e11e182cf807d3b0603f948062a1ec5219411,57,1,严重损伤线粒体|健康线粒体|自噬线粒体
101297__2025_03_20_14_38_57_432942__7322279,train,groups_but_zero_marks,101297,cases_export_1775094268776,2025_03_20_14_38_57_432942,7322279,s-101297-1a0001.tif,0c2b60a53311d32553586a11a6086682af7f822c,0,1,
101509__2025_09_29_14_09_24_546711__1487309,train,groups_but_zero_marks,101509,cases_export_1775094268776,2025_09_29_14_09_24_546711,1487309,s-101509-1a0001.tif,0c5a74e38cc0ef2adc2cc97df7feff033caad84f,0,1,
101685__2025_03_20_08_38_48_765312__4953834,train,annotated_nonzero,101685,cases_export_1775094268776,2025_03_20_08_38_48_765312,4953834,s-101685-1a0002.tif,0c838c3ac2f45e124e44f3d01bdfaf8c1e3dc623,215,1,严重损伤线粒体|中度损伤线粒体|健康线粒体|自噬线粒体|Z线|M线|心肌侧管
78709__2025_02_06_11_21_39_830540__3708238,train,groups_but_zero_marks,78709,cases_export_1775099769937,2025_02_06_11_21_39_830540,3708238,s-78709-1a0007.tif,0d480ea7f15a51aa71ae499660a720455e22d12d,0,1,
102238__2025_09_29_14_42_32_51334__5451054,test,annotated_nonzero,102238,cases_export_1775094268776,2025_09_29_14_42_32_51334,5451054,s-102238-1b0025.tif,0da64ede25c22d3e9a06081cdcc2f433daf3256d,179,1,健康线粒体|Z线|M线|心肌侧管
99574__2025_02_07_13_49_55_661479__5220457,train,groups_but_zero_marks,99574,cases_export_1775094268776,2025_02_07_13_49_55_661479,5220457,s-99574-1a0002 (2).tif,0e32fcfc26f481af33b2dab362e8fc90e828ff4c,0,1,
98307__2025_03_20_15_37_04_74162__5364693,train,groups_but_zero_marks,98307,cases_export_1775094268776,2025_03_20_15_37_04_74162,5364693,s-98307-1b0004.tif,0ea175ef3e237aea636542c86508d861fcee610d,0,1,
100952__2025_09_29_11_07_00_193879__7006382,test,annotated_nonzero,100952,cases_export_1775094268776,2025_09_29_11_07_00_193879,7006382,s-100952-1b0003.tif,0f5d7bff48b352a497f10f27e489df994efb4cdf,170,1,严重损伤线粒体|中度损伤线粒体|健康线粒体|脂滴|Z线|M线|心肌侧管
78192__2025_02_06_11_04_02_84862__146798,train,annotated_nonzero,78192,cases_export_1775099769937,2025_02_06_11_04_02_84862,146798,s-78192-1a0017.tif,105efe77a9e6f2ff5f1df2d45411e44856516bcf,308,1,严重损伤线粒体|中度损伤线粒体|健康线粒体|肌浆网|Z线|M线|心肌侧管
,,template_only_no_mark_tables,104173,cases_export_1775094268776,2025_05_15_10_58_22_187034,3148343,10417317.tif,10967ec81abd193229be8eda00119c451b70c1a1,0,1,
102238__2025_09_29_14_42_32_51334__3435683,test,annotated_nonzero,102238,cases_export_1775094268776,2025_09_29_14_42_32_51334,3435683,s-102238-1b0004.tif,123cae1c16efb8e6f1332fd4bb2dfde5371c03e0,175,1,严重损伤线粒体|中度损伤线粒体|健康线粒体|Z线|M线|心肌侧管
100538__2025_02_07_13_53_31_253108__6165077,test,annotated_nonzero,100538,cases_export_1775094268776,2025_02_07_13_53_31_253108,6165077,s-100538-1a0004.tif,13a308ba0a648dc0c94b8eb578f66a8f798e3408,83,2,中度损伤线粒体|健康线粒体|肌浆网|Z线|M线|心肌侧管
102238__2025_09_29_14_42_32_51334__4135628,test,annotated_nonzero,102238,cases_export_1775094268776,2025_09_29_14_42_32_51334,4135628,s-102238-1b0005.tif,14044dddf95c1a7b578d5375db7910a40e6fcc6c,151,1,中度损伤线粒体|健康线粒体|Z线|M线|心肌侧管
78192__2025_02_06_11_04_02_84862__1827339,train,annotated_nonzero,78192,cases_export_1775099769937,2025_02_06_11_04_02_84862,1827339,s-78192-1a0025.tif,14ea3a4691ca215ca12807b7c6999be64adc7be7,124,1,严重损伤线粒体|中度损伤线粒体|健康线粒体|肌浆网|Z线|M线|心肌侧管
101879__2025_09_29_14_17_57_268617__2080721,test,annotated_nonzero,101879,cases_export_1775094268776,2025_09_29_14_17_57_268617,2080721,s-101879-1a0004 - 副本.tif,15e59f2d72b16032fb8527af41d1f527e18b7375,93,1,严重损伤线粒体|中度损伤线粒体|健康线粒体|Z线|M线|心肌侧管
99575__2025_02_07_13_52_08_837875__4333222,val,annotated_nonzero,99575,cases_export_1775094268776,2025_02_07_13_52_08_837875,4333222,s-99575-1b0006.tif,160c1179e5b922f2eb7252c45c78a8fd77eda966,218,1,严重损伤线粒体|中度损伤线粒体|健康线粒体|自噬线粒体|肌浆网|Z线|T管|M线|心肌侧管
95988__2025_03_20_17_08_19_605178__2115955,train,groups_but_zero_marks,95988,cases_export_1775094268776,2025_03_20_17_08_19_605178,2115955,s-95988-1a0002.tif,163268fa1aedf59d67d3cc99fba7a645f315c7ce,0,1,
100538__2025_02_07_13_53_31_253108__5790439,test,annotated_nonzero,100538,cases_export_1775094268776,2025_02_07_13_53_31_253108,5790439,s-100538-1a0005.tif,16f01a20593877de655ddf9b400058ff0d2a703b,82,2,严重损伤线粒体|中度损伤线粒体|健康线粒体|肌浆网|Z线|M线|心肌侧管
78192__2025_02_06_11_04_02_84862__1666470,train,annotated_nonzero,78192,cases_export_1775099769937,2025_02_06_11_04_02_84862,1666470,s-78192-1a0003.tif,19261a4ff11f7b4572ecb71c6c717ae82127d8ad,256,1,严重损伤线粒体|中度损伤线粒体|健康线粒体|肌浆网|Z线|M线|心肌侧管
99574__2025_02_07_13_49_55_661479__9503606,train,groups_but_zero_marks,99574,cases_export_1775094268776,2025_02_07_13_49_55_661479,9503606,s-99574-1a0005.tif,19484b6c1ffb7e20071a914b98f713080c8e9b69,0,1,
101431__2025_03_20_13_36_27_466882__8249314,train,groups_but_zero_marks,101431,cases_export_1775094268776,2025_03_20_13_36_27_466882,8249314,s-101431-1a0004.tif,1aec16c6e34b288ce4c6abb3fc0e1b847453f705,0,1,
102478__2025_03_20_09_25_50_775130__945145,train,annotated_nonzero,102478,cases_export_1775094268776,2025_03_20_09_25_50_775130,945145,s-102478-1b0011.tif,1b24225b6a07d38106d7059456a0ecce34d8b632,169,1,严重损伤线粒体|中度损伤线粒体|健康线粒体|自噬线粒体|肌浆网|闰盘|Z线样物质堆积|脂滴|Z线|心肌侧管
98915__2025_03_20_15_34_48_592480__7589205,train,groups_but_zero_marks,98915,cases_export_1775094268776,2025_03_20_15_34_48_592480,7589205,s-98915-1b0003.tif,1b27b917dffc6dce0515aa31d39c7e98f46ed2e4,0,1,
79442__2025_02_06_11_30_57_289449__1878884,train,annotated_nonzero,79442,cases_export_1775099769937,2025_02_06_11_30_57_289449,1878884,s-79442-1a0017.tif,1b8ccdd61321e966cd9c4d409f86e44e699d3a4d,244,1,严重损伤线粒体|中度损伤线粒体|健康线粒体|肌浆网|Z线|M线|心肌侧管
99574__2025_02_07_13_49_55_661479__6402444,train,groups_but_zero_marks,99574,cases_export_1775094268776,2025_02_07_13_49_55_661479,6402444,s-99574-1a0022.tif,1c060722ea6e1dbc5404efb9550b8a4d3d3e0007,0,1,
79442__2025_02_06_11_30_57_289449__9340456,train,annotated_nonzero,79442,cases_export_1775099769937,2025_02_06_11_30_57_289449,9340456,s-79442-1a0014.tif,1c39eddf47841dc0a12bfa1939cc325bf0d80627,197,1,严重损伤线粒体|健康线粒体|自噬线粒体|肌浆网|Z线|T管|M线|心肌侧管
76355__2025_09_21_21_24_34_307417__1107252,val,annotated_nonzero,76355,cases_export_1775094268776,2025_09_21_21_24_34_307417,1107252,76355-1a0002.tif,1c5b79ce139bdf6e4f3cf3e6202106c7218d3708,18,1,严重损伤线粒体|中度损伤线粒体|健康线粒体
109395__2025_12_16_17_05_22_689098__6706323,val,annotated_nonzero,109395,cases_export_1775094268776,2025_12_16_17_05_22_689098,6706323,E10939507.tif,1d0d02b832620acb076e70b1d510ee89788189b1,367,1,严重损伤线粒体|中度损伤线粒体|健康线粒体|Z线|T管|M线|心肌侧管
99574__2025_02_07_13_49_55_661479__3211135,train,annotated_nonzero,99574,cases_export_1775094268776,2025_02_07_13_49_55_661479,3211135,s-99574-1a0029.tif,1ef10380d68522ea6e13a993d046051dbdaf1fa0,329,1,健康线粒体|脂滴|Z线|T管|M线|心肌侧管
101720__2025_02_07_13_56_22_742686__6656089,val,annotated_nonzero,101720,cases_export_1775094268776,2025_02_07_13_56_22_742686,6656089,s-101720-1a0019.tif,1f519f54599b78783cd59422a6f40c1fc8ac0566,390,1,中度损伤线粒体|健康线粒体|自噬线粒体|肌浆网|Z线|T管|M线|心肌侧管
100727__2025_09_29_09_59_10_133471__4351821,train,groups_but_zero_marks,100727,cases_export_1775094268776,2025_09_29_09_59_10_133471,4351821,s-100727-1b0007.tif,2012140d0339bdb99c26520687568b0b5ba3c2f2,0,1,
101720__2025_02_07_13_56_22_742686__6529376,val,annotated_nonzero,101720,cases_export_1775094268776,2025_02_07_13_56_22_742686,6529376,s-101720-1b0002.tif,2167f9b00afb6bc3d79210ed722a129026033ed3,395,1,严重损伤线粒体|中度损伤线粒体|健康线粒体|肌浆网|Z线样物质堆积|脂滴|Z线|T管|M线|心肌侧管
95128__2025_02_07_11_25_31_373289__4213854,train,annotated_nonzero,95128,cases_export_1775094268776,2025_02_07_11_25_31_373289,4213854,s-95128-1b0009.tif,21aad43ea92549823311feceab477ca007b8761d,105,1,健康线粒体|肌浆网|闰盘|糖原颗粒|Z线|T管|M线|心肌侧管
101165__2025_03_20_14_42_35_303909__1800523,train,annotated_nonzero,101165,cases_export_1775094268776,2025_03_20_14_42_35_303909,1800523,s-101165-1a0002.tif,21bacafdcf350ad5520dc745216e9da5ddb9d783,321,2,中度损伤线粒体|健康线粒体|肌浆网|闰盘|Z线|T管|M线|心肌侧管
104173__2025_05_15_10_58_22_187034__9689703,train,annotated_nonzero,104173,cases_export_1775094268776,2025_05_15_10_58_22_187034,9689703,10417302.tif,21f2ee960724e63a24b71eb509bd79d8f1d8e996,649,1,闰盘|Z线|M线|心肌侧管
99574__2025_02_07_13_49_55_661479__2916717,train,groups_but_zero_marks,99574,cases_export_1775094268776,2025_02_07_13_49_55_661479,2916717,s-99574-1a0001.tif,2281c018c71402a8b0af39a313f0b1b5636e6c36,0,1,
99574__2025_02_07_13_49_55_661479__1605269,train,groups_but_zero_marks,99574,cases_export_1775094268776,2025_02_07_13_49_55_661479,1605269,s-99574-1a0023.tif,241266b25a2f2875d8218d80668f97e8f52e6ed5,0,1,
78192__2025_02_06_11_04_02_84862__7295409,train,annotated_nonzero,78192,cases_export_1775099769937,2025_02_06_11_04_02_84862,7295409,s-78192-1a0023.tif,2431bbba114091a31bb8db1877ae6c31b06dc971,232,1,严重损伤线粒体|中度损伤线粒体|健康线粒体|肌浆网|Z线|心肌侧管
109395__2025_12_16_17_05_22_689098__8104044,val,annotated_nonzero,109395,cases_export_1775094268776,2025_12_16_17_05_22_689098,8104044,E10939515.tif,2553a9ee98c3e79be393ed8465e0bc6679fae19e,680,1,严重损伤线粒体|中度损伤线粒体|健康线粒体|Z线|M线|心肌侧管
,,template_only_no_mark_tables,104173,cases_export_1775094268776,2025_05_15_10_58_22_187034,7337512,10417314.tif,25aeca57d1194dd2b0d210a22a72d284d1adf906,0,1,
101431__2025_03_20_13_36_27_466882__8266802,train,groups_but_zero_marks,101431,cases_export_1775094268776,2025_03_20_13_36_27_466882,8266802,s-101431-1a0013.tif,261eaaf9c68bbaf40d319dafdbed0d22026a7243,0,1,
,,template_only_no_mark_tables,104173,cases_export_1775094268776,2025_05_15_10_58_22_187034,1207994,10417304.tif,2696bcf2eea181b4dbddeb2ceec7a8845d0e258a,0,1,
102455__2025_03_20_09_17_15_98408__4353553,train,annotated_nonzero,102455,cases_export_1775094268776,2025_03_20_09_17_15_98408,4353553,s-102455-1b0020.tif,26d31604bf4168a338a57f5975d2a58ee7cef47f,258,1,健康线粒体|Z线|M线|心肌侧管
99574__2025_02_07_13_49_55_661479__727770,train,annotated_nonzero,99574,cases_export_1775094268776,2025_02_07_13_49_55_661479,727770,s-99574-1a0001 (2).tif,2841a3ef604546f6abf5fea17078d18d0d307b03,31,1,健康线粒体|肌浆网|脂滴|Z线|M线
100952__2025_03_20_14_44_37_811870__8783881,test,annotated_nonzero,100952,cases_export_1775094268776,2025_03_20_14_44_37_811870,8783881,s-100952-1a0010.tif,289d249091fe45ad1fbefe7308d3305ff5492b08,302,2,严重损伤线粒体|中度损伤线粒体|健康线粒体|肌浆网|Z线|T管|M线|心肌侧管
99574__2025_02_07_13_49_55_661479__1015040,train,annotated_nonzero,99574,cases_export_1775094268776,2025_02_07_13_49_55_661479,1015040,s-99574-1a0026.tif,2945209559be08dac314db543ce19600f5b73931,257,1,健康线粒体|脂滴|Z线|T管|M线|心肌侧管
102238__2025_09_29_14_42_32_51334__7128485,test,annotated_nonzero,102238,cases_export_1775094268776,2025_09_29_14_42_32_51334,7128485,s-102238-1b0003.tif,296a5d34b9205c5d9b0e50a29cbc400c0921c4a4,149,1,中度损伤线粒体|健康线粒体|Z线|M线|心肌侧管
101720__2025_02_07_13_56_22_742686__7644775,val,annotated_nonzero,101720,cases_export_1775094268776,2025_02_07_13_56_22_742686,7644775,s-101720-1a0014.tif,29b07fcc14d9b4308ee0efda305f0883c8bbe096,179,1,中度损伤线粒体|健康线粒体|肌浆网|Z线|T管|M线|心肌侧管
79442__2025_02_06_11_30_57_289449__5139420,train,annotated_nonzero,79442,cases_export_1775099769937,2025_02_06_11_30_57_289449,5139420,s-79442-1a0009.tif,29ea21c4d5d4f65845f2a7f4e65997a43d851439,33,1,严重损伤线粒体|中度损伤线粒体|健康线粒体|自噬线粒体|肌浆网
101773__2026_01_27_11_03_03_380136__1860734,val,annotated_nonzero,101773,cases_export_1775094268776,2026_01_27_11_03_03_380136,1860734,s-101773-1b0009.tif,2a4ee98e2ccce662bb924cf457f7d61d2a9d1b65,92,1,严重损伤线粒体|中度损伤线粒体|健康线粒体|Z线|M线
,,template_only_no_mark_tables,101685,cases_export_1775094268776,2025_03_20_08_38_48_765312,6562151,s-101685-1a0018.tif,2a639964516e13f41b568b3b531ade1c58d3ba72,0,1,
101720__2025_02_07_13_56_22_742686__4662022,val,groups_but_zero_marks,101720,cases_export_1775094268776,2025_02_07_13_56_22_742686,4662022,s-101720-1a0010.tif,2b4b4b2ff440f13fc7ec3b3781b2a581ecd76861,0,1,
102455__2025_03_20_09_17_15_98408__3138145,train,groups_but_zero_marks,102455,cases_export_1775094268776,2025_03_20_09_17_15_98408,3138145,s-102455-1b0006.tif,2bf12f4d22ec93f3091566e7f37937c30f934b6f,0,1,
78192__2025_02_06_11_04_02_84862__7789380,train,annotated_nonzero,78192,cases_export_1775099769937,2025_02_06_11_04_02_84862,7789380,s-78192-1a0008 (2).tif,2c14653e1623c5cee7eb3d40113cb228770eeb3f,182,1,严重损伤线粒体|中度损伤线粒体|健康线粒体|肌浆网|Z线|M线|心肌侧管
,,template_only_no_mark_tables,104173,cases_export_1775094268776,2025_05_15_10_58_22_187034,9970478,10417305.tif,2c1ccfcea2df6a95a21b6d1e3e4fc4a2c8d58b27,0,1,
102270__2025_03_20_09_34_30_738210__5968350,train,groups_but_zero_marks,102270,cases_export_1775094268776,2025_03_20_09_34_30_738210,5968350,s-102270-1b0011.tif,2d2ea13c343a890d2a013f3c2d315dfe2dae034e,0,1,
102455__2025_03_20_09_17_15_98408__7875431,train,groups_but_zero_marks,102455,cases_export_1775094268776,2025_03_20_09_17_15_98408,7875431,s-102455-1b0011.tif,2d7cebd3d0d7c2b9229d2c22fe5185b544708aa1,0,1,
101879__2025_09_29_14_17_57_268617__1586812,test,annotated_nonzero,101879,cases_export_1775094268776,2025_09_29_14_17_57_268617,1586812,s-101879-1b0005.tif,2dcfa75fab0e63c24f26e1d9879f4e0b4a26c6d8,169,1,严重损伤线粒体|中度损伤线粒体|健康线粒体|Z线|M线|心肌侧管
78192__2025_02_06_11_04_02_84862__8751917,train,annotated_nonzero,78192,cases_export_1775099769937,2025_02_06_11_04_02_84862,8751917,s-78192-1a0006 (2).tif,2f510fe524b30679781dbe18c72b4bab046d47a3,218,1,健康线粒体|肌浆网|Z线|M线|心肌侧管
100404__2025_03_20_14_58_23_305559__4831159,train,annotated_nonzero,100404,cases_export_1775094268776,2025_03_20_14_58_23_305559,4831159,s-100404-1a0001.tif,2ff9ccd4a0fa98fdb9a231d493a2f6653dcc6b7f,50,1,严重损伤线粒体|中度损伤线粒体|健康线粒体|Z线|M线|心肌侧管
96650__2025_02_07_13_43_15_586952__8145178,test,annotated_nonzero,96650,cases_export_1775094268776,2025_02_07_13_43_15_586952,8145178,s-96650-1b0006.tif,2ffc9d90442c8b546bd9f5a1d1e229514f0d75e0,106,1,严重损伤线粒体|中度损伤线粒体|健康线粒体|脂滴|Z线|M线|心肌侧管
99574__2025_02_07_13_49_55_661479__9899706,train,groups_but_zero_marks,99574,cases_export_1775094268776,2025_02_07_13_49_55_661479,9899706,s-99574-1a0019.tif,31de2cbcb418a28ffe1382edfd625ce660566bfa,0,1,
76355__2025_09_21_21_24_34_307417__2196080,val,annotated_nonzero,76355,cases_export_1775094268776,2025_09_21_21_24_34_307417,2196080,76355-1a0001.tif,32c6ca4c38eacbaa317a01c9f5a1bf58571cbe27,86,1,中度损伤线粒体|健康线粒体|Z线|M线|心肌侧管
78709__2025_02_06_11_21_39_830540__796287,train,groups_but_zero_marks,78709,cases_export_1775099769937,2025_02_06_11_21_39_830540,796287,s-78709-1a0003.tif,32e35b3316d45a6b1d75cca9b6a3610e94014edd,0,1,
102270__2025_03_20_09_34_30_738210__3957988,train,groups_but_zero_marks,102270,cases_export_1775094268776,2025_03_20_09_34_30_738210,3957988,s-102270-1a0009.tif,338db390ab5e53992834ba5d8069b496ba625fc4,0,1,
100404__2025_03_20_14_58_23_305559__4592541,train,annotated_nonzero,100404,cases_export_1775094268776,2025_03_20_14_58_23_305559,4592541,s-100404-1b0001.tif,33ad900f517d3c61979261b2d8262a83996c95e7,293,1,严重损伤线粒体|中度损伤线粒体|健康线粒体|肌浆网|脂滴|Z线|T管|M线|心肌侧管
102487__2025_03_20_09_21_52_702063__1485124,train,groups_but_zero_marks,102487,cases_export_1775094268776,2025_03_20_09_21_52_702063,1485124,s-102487-1a0011.tif,34482912922153c960304cb5184c45cd624a644f,0,1,
98307__2025_03_20_15_37_04_74162__2248820,train,groups_but_zero_marks,98307,cases_export_1775094268776,2025_03_20_15_37_04_74162,2248820,s-98307-1b0005.tif,344b67fdaeb6924fd56d048660e78eb85ebb9ca7,0,1,
102270__2025_03_20_09_34_30_738210__6024497,train,annotated_nonzero,102270,cases_export_1775094268776,2025_03_20_09_34_30_738210,6024497,s-102270-1b0002.tif,3464eb997a05b10e1637a8e199f303f48e0c6a61,141,1,健康线粒体|Z线样物质堆积|脂滴|Z线|心肌侧管
101581__2025_07_24_13_54_36_303072__691275,train,annotated_nonzero,101581,cases_export_1775094268776,2025_07_24_13_54_36_303072,691275,s-101581-1b0001.tif,34ae070db6877a20c94ce9070aa45a6618d8e0ed,383,1,健康线粒体|肌浆网|脂滴|Z线|M线|心肌侧管
100538__2025_02_07_13_53_31_253108__7139018,test,annotated_nonzero,100538,cases_export_1775094268776,2025_02_07_13_53_31_253108,7139018,s-100538-1b0006.tif,3504b3d0f7dad076a967f7d36337830209620e56,168,2,严重损伤线粒体|中度损伤线粒体|健康线粒体|自噬线粒体|肌浆网|Z线|M线|心肌侧管
101879__2025_09_29_14_17_57_268617__5140594,test,annotated_nonzero,101879,cases_export_1775094268776,2025_09_29_14_17_57_268617,5140594,s-101879-1a0005 - 副本.tif,35ead1fcb2e6a10ec4215577ab5495945782e04e,67,1,严重损伤线粒体|中度损伤线粒体|健康线粒体|Z线|M线|心肌侧管
99574__2025_02_07_13_49_55_661479__904574,train,groups_but_zero_marks,99574,cases_export_1775094268776,2025_02_07_13_49_55_661479,904574,s-99574-1a0014.tif,36024aba6b4032cb9cccc466493b1013ac048c61,0,1,
102270__2025_03_20_09_34_30_738210__9904657,train,annotated_nonzero,102270,cases_export_1775094268776,2025_03_20_09_34_30_738210,9904657,s-102270-1b0016.tif,369ca0acefc50c0a34135a55a2f7fc3d41f692cc,423,1,严重损伤线粒体|健康线粒体|肌浆网|闰盘|Z线|T管|M线|心肌侧管
,,template_only_no_mark_tables,104173,cases_export_1775094268776,2025_05_15_10_58_22_187034,8060322,10417311.tif,372fcaae5a4d0b39e801ee6380cf418282a34886,0,1,
100952__2025_09_29_11_07_00_193879__2908371,test,annotated_nonzero,100952,cases_export_1775094268776,2025_09_29_11_07_00_193879,2908371,s-100952-1a0008.tif,3741dae6b5016556b96fc0c1b7d7c77b6663488f,179,1,中度损伤线粒体|健康线粒体|肌浆网|Z线|T管|M线|心肌侧管
100963__2025_09_29_13_51_14_561253__8046539,train,groups_but_zero_marks,100963,cases_export_1775094268776,2025_09_29_13_51_14_561253,8046539,s-1009630007.tif,3768bc77b86649db9ebbf681c2cc2c5e2fd88428,0,1,
78192__2025_02_06_11_04_02_84862__8488853,train,annotated_nonzero,78192,cases_export_1775099769937,2025_02_06_11_04_02_84862,8488853,s-78192-1a0009 (2).tif,398545eaa457fdec26e3485decdeecb679e86c70,281,1,严重损伤线粒体|中度损伤线粒体|健康线粒体|肌浆网|Z线|M线|心肌侧管
101720__2025_02_07_13_56_22_742686__383969,val,groups_but_zero_marks,101720,cases_export_1775094268776,2025_02_07_13_56_22_742686,383969,s-101720-1a0002.tif,3a0dd0805a955b89d1b07ab8acc4ed20df6589fb,0,1,
102455__2025_03_20_09_17_15_98408__6529067,train,groups_but_zero_marks,102455,cases_export_1775094268776,2025_03_20_09_17_15_98408,6529067,s-102455-1a0006.tif,3aa0185bdea00cc53f01cc35dc83931732944703,0,1,
101773__2026_01_27_11_03_03_380136__3416083,val,annotated_nonzero,101773,cases_export_1775094268776,2026_01_27_11_03_03_380136,3416083,s-101773-1a0004.tif,3ac0a78ca8be08c815547dd32759c0283a25ba2f,274,1,严重损伤线粒体|中度损伤线粒体|健康线粒体|Z线|T管|M线|心肌侧管
73539__2025_02_06_10_51_34_380279__625684,test,annotated_nonzero,73539,cases_export_1775099769937,2025_02_06_10_51_34_380279,625684,s-73539-1b0009.tif,3bfde1a7f0d9b149963942cb1af68366665c58fb,140,1,严重损伤线粒体|中度损伤线粒体|健康线粒体|肌浆网|Z线|M线|心肌侧管
99574__2025_02_07_13_49_55_661479__6594788,train,annotated_nonzero,99574,cases_export_1775094268776,2025_02_07_13_49_55_661479,6594788,s-99574-1a0003.tif,3c489401ffed5d1f08c96d80a505d9c2d5ef94f1,301,1,严重损伤线粒体|中度损伤线粒体|健康线粒体|自噬线粒体|肌浆网|Z线|M线|心肌侧管
82765__2025_02_06_15_24_06_973921__87815,train,groups_but_zero_marks,82765,cases_export_1775094268776,2025_02_06_15_24_06_973921,87815,s-82765-1b0007.tif,3c6c693b7cdcc83e49fc435b3983ef7ff9df7c8e,0,1,
99574__2025_02_07_13_49_55_661479__2394544,train,groups_but_zero_marks,99574,cases_export_1775094268776,2025_02_07_13_49_55_661479,2394544,s-99574-1a0025.tif,3cb6f058e5cc9d33a5b094b37acb288fdfebb326,0,1,
99575__2025_02_07_13_52_08_837875__6479604,val,annotated_nonzero,99575,cases_export_1775094268776,2025_02_07_13_52_08_837875,6479604,s-99575-1a0002.tif,3cc725fddf82000473a971cae2de2c3070b3bc39,221,1,严重损伤线粒体|健康线粒体|自噬线粒体|肌浆网|闰盘|脂滴|Z线|T管|M线|心肌侧管
95988__2025_03_20_17_08_19_605178__6280950,train,groups_but_zero_marks,95988,cases_export_1775094268776,2025_03_20_17_08_19_605178,6280950,s-95988-1b0001.tif,3d165222cb7b4af4346f40d440700ce4d6553c1c,0,1,
98915__2025_03_20_15_34_48_592480__2735306,train,groups_but_zero_marks,98915,cases_export_1775094268776,2025_03_20_15_34_48_592480,2735306,s-98915-1a0001.tif,3d75dcf722cb38c14a876bb359881a7a39152182,0,1,
78709__2025_02_06_11_21_39_830540__4271803,train,groups_but_zero_marks,78709,cases_export_1775099769937,2025_02_06_11_21_39_830540,4271803,s-78709-1a0005.tif,3d77c6b7c285f8ddd9cb9a0774c526f38a8cb00f,0,1,
102455__2025_03_20_09_17_15_98408__616143,train,groups_but_zero_marks,102455,cases_export_1775094268776,2025_03_20_09_17_15_98408,616143,s-102455-1b0002.tif,3e2f2b419ca8636b06d18dad9985cdefb83ad2b3,0,1,
73539__2025_02_06_10_51_34_380279__1758225,test,annotated_nonzero,73539,cases_export_1775099769937,2025_02_06_10_51_34_380279,1758225,s-73539-1b0005 (2).tif,3e67c2cbc2bb1aa650b80700ea8abdcb5e54cd5e,237,1,严重损伤线粒体|中度损伤线粒体|健康线粒体|肌浆网|Z线|M线|心肌侧管
100963__2025_09_29_13_51_14_561253__5776132,train,annotated_nonzero,100963,cases_export_1775094268776,2025_09_29_13_51_14_561253,5776132,s-1009630001.tif,3f3e006ea6cf4ee3ecbf49fbe1f3fb5cdb3b8b29,300,1,健康线粒体|Z线|M线|心肌侧管
76355__2025_09_21_21_24_34_307417__8045201,val,annotated_nonzero,76355,cases_export_1775094268776,2025_09_21_21_24_34_307417,8045201,76355-1a0003.tif,4034cae5650590835b09edf9e79f86008a5e5b24,57,1,严重损伤线粒体|健康线粒体|Z线|M线|心肌侧管
96650__2025_02_07_13_43_15_586952__6422619,test,annotated_nonzero,96650,cases_export_1775094268776,2025_02_07_13_43_15_586952,6422619,s-96650-1a0006.tif,408b71b90bebd3ff11ee2077cdda43111e4aa84d,80,1,严重损伤线粒体|中度损伤线粒体|健康线粒体|肌浆网|Z线样物质堆积|Z线|T管|M线|心肌侧管
,,template_only_no_mark_tables,104173,cases_export_1775094268776,2025_05_15_10_58_22_187034,3500869,10417313.tif,40a8f1643aa0656f1484d44dcd7f61ade083a411,0,1,
78709__2025_02_06_11_21_39_830540__7507693,train,groups_but_zero_marks,78709,cases_export_1775099769937,2025_02_06_11_21_39_830540,7507693,s-78709-1a0015.tif,40a9bb93f26da0aacaee22301ccd9874542044a1,0,1,
100538__2025_02_07_13_53_31_253108__3360301,test,annotated_nonzero,100538,cases_export_1775094268776,2025_02_07_13_53_31_253108,3360301,s-100538-1a0008.tif,42b614baa7fca747c38892b363f6cfcbe49d512b,19,2,健康线粒体|Z线|M线|心肌侧管
101165__2025_09_29_13_55_19_785892__5169535,train,annotated_nonzero,101165,cases_export_1775094268776,2025_09_29_13_55_19_785892,5169535,s-101165-1a0006.tif,43960d4370a5f7b89cd564aaf4f5a14366f8bee7,120,1,严重损伤线粒体|中度损伤线粒体|健康线粒体|肌浆网|Z线|M线
109395__2025_12_16_17_05_22_689098__4450586,val,annotated_nonzero,109395,cases_export_1775094268776,2025_12_16_17_05_22_689098,4450586,E10939504.tif,44a22b3504195a89f93f0935bb67fe93c52800bf,490,1,严重损伤线粒体|中度损伤线粒体|健康线粒体|肌浆网|Z线|T管|M线|心肌侧管
,,template_only_no_mark_tables,104173,cases_export_1775094268776,2025_05_15_10_58_22_187034,1483161,10417316.tif,45a938fe11b08833fb711dcd07aab513d7428e53,0,1,
101773__2026_01_27_11_03_03_380136__889426,val,annotated_nonzero,101773,cases_export_1775094268776,2026_01_27_11_03_03_380136,889426,s-101773-1b0003.tif,45cc7a8c08d0c2d211ad18f612a4b49c2227d70d,84,1,严重损伤线粒体|中度损伤线粒体|健康线粒体|脂滴|Z线|T管|M线|心肌侧管
98307__2025_03_20_15_37_04_74162__1208095,train,annotated_nonzero,98307,cases_export_1775094268776,2025_03_20_15_37_04_74162,1208095,s-98307-1b0002.tif,45f9d928f4f39300d217435e21657ae7bf23d8ee,262,1,严重损伤线粒体|中度损伤线粒体|健康线粒体|肌浆网|脂滴|Z线|M线|心肌侧管
102478__2025_03_20_09_25_50_775130__7440048,train,groups_but_zero_marks,102478,cases_export_1775094268776,2025_03_20_09_25_50_775130,7440048,s-102478-1b0008.tif,460af41b38f58e6221e4976cf0c6e8b5547617e3,0,1,
,,template_only_no_mark_tables,101685,cases_export_1775094268776,2025_03_20_08_38_48_765312,4800262,s-101685-1a0010.tif,46b945c9b1866f3269e7314bc5cf8af3522090a6,0,1,
102487__2025_03_20_09_21_52_702063__6286910,train,groups_but_zero_marks,102487,cases_export_1775094268776,2025_03_20_09_21_52_702063,6286910,s-102487-1a0007.tif,46ba84780c29f072790c929a130acaa4d35052b4,0,1,
101431__2025_03_20_13_36_27_466882__9236291,train,groups_but_zero_marks,101431,cases_export_1775094268776,2025_03_20_13_36_27_466882,9236291,s-101431-1a0001.tif,470c025b8282fe170f008c3a0ec8291457abd1da,0,1,
,,template_only_no_mark_tables,100519,cases_export_1775094268776,2025_09_24_08_31_30_664190,7716451,s-1005190015.tif,473e82147387f84e37ac32ddfff61411cb5c7af3,0,1,
101773__2026_01_27_11_03_03_380136__7483998,val,annotated_nonzero,101773,cases_export_1775094268776,2026_01_27_11_03_03_380136,7483998,s-101773-1b0010.tif,47595897a3bc7aa5f63e1f26ff97f1f61e170232,228,1,严重损伤线粒体|中度损伤线粒体|健康线粒体|肌浆网|Z线|M线|心肌侧管
78709__2025_02_06_11_21_39_830540__4143036,train,groups_but_zero_marks,78709,cases_export_1775099769937,2025_02_06_11_21_39_830540,4143036,s-78709-1a0024.tif,477c5d1959d510a9598a49bf1988b04ec976f94f,0,1,
101720__2025_02_07_13_56_22_742686__5226,val,groups_but_zero_marks,101720,cases_export_1775094268776,2025_02_07_13_56_22_742686,5226,s-101720-1a0009.tif,47aea0912e2ea19578b650662ff987f11a021688,0,1,
101773__2026_01_27_11_03_03_380136__5449044,val,groups_but_zero_marks,101773,cases_export_1775094268776,2026_01_27_11_03_03_380136,5449044,s-101773-1b0001.tif,489ece62808a83ca81631ace5cec9fb17704c557,0,1,
98915__2025_03_20_15_34_48_592480__7603928,train,annotated_nonzero,98915,cases_export_1775094268776,2025_03_20_15_34_48_592480,7603928,s-98915-1b0006.tif,48e46774d33a9b568c1ccf5bd61a4353751087e4,136,1,Z线|M线|心肌侧管
106363__2025_09_26_15_55_36_591464__1590177,train,annotated_nonzero,106363,cases_export_1775094268776,2025_09_26_15_55_36_591464,1590177,10636309.tif,4954da61e74a8cd67839169779a5d5e64b5c5666,183,1,严重损伤线粒体|中度损伤线粒体|健康线粒体|Z线|M线|心肌侧管
102238__2025_09_29_14_42_32_51334__1743960,test,annotated_nonzero,102238,cases_export_1775094268776,2025_09_29_14_42_32_51334,1743960,s-102238-1b0016.tif,49b9a84bc09835ad0e5d170bdf6069a02ce8d4be,203,1,中度损伤线粒体|健康线粒体|肌浆网|Z线|T管|M线|心肌侧管
101431__2025_03_20_13_36_27_466882__9254556,train,groups_but_zero_marks,101431,cases_export_1775094268776,2025_03_20_13_36_27_466882,9254556,s-101431-1a0012.tif,4aa005e4b855fba325845847426785f3380e0364,0,1,
,,template_only_no_mark_tables,100519,cases_export_1775094268776,2025_09_24_08_31_30_664190,3786700,s-1005190011.tif,4add85a64a5d124759a7d5d71d75ed74714bcc9f,0,1,
78192__2025_02_06_11_04_02_84862__3807880,train,annotated_nonzero,78192,cases_export_1775099769937,2025_02_06_11_04_02_84862,3807880,s-78192-1a0022.tif,4bf6881f9a6812e3c1257565ea2e9d94ff2c0473,296,1,严重损伤线粒体|中度损伤线粒体|健康线粒体|肌浆网|Z线|M线|心肌侧管
78709__2025_02_06_11_21_39_830540__520916,train,groups_but_zero_marks,78709,cases_export_1775099769937,2025_02_06_11_21_39_830540,520916,s-78709-1a0012.tif,4c2dfe788bf71b2a911f611d1a475109c0b2b9ea,0,1,
102487__2025_03_20_09_21_52_702063__2442162,train,groups_but_zero_marks,102487,cases_export_1775094268776,2025_03_20_09_21_52_702063,2442162,s-102487-1b0007.tif,4d1f5ab9b03107bdd7c93eaccd8f7328219ffbfe,0,1,
101165__2025_09_29_13_55_19_785892__802236,train,annotated_nonzero,101165,cases_export_1775094268776,2025_09_29_13_55_19_785892,802236,s-101165-1a0003.tif,4da3748188f3404e78959ffd0718d883e629f8b0,139,1,严重损伤线粒体|中度损伤线粒体|健康线粒体|肌浆网|Z线|T管|M线|心肌侧管
99574__2025_02_07_13_49_55_661479__9667863,train,groups_but_zero_marks,99574,cases_export_1775094268776,2025_02_07_13_49_55_661479,9667863,s-99574-1a0004.tif,4e11191759d4878877a6931dc8149c5c7194b7c7,0,1,
101720__2025_02_07_13_56_22_742686__4054439,val,annotated_nonzero,101720,cases_export_1775094268776,2025_02_07_13_56_22_742686,4054439,s-101720-1a0023.tif,4ea5e86b80b9248fbd815ba385f5b46c1aeb1bf0,351,1,健康线粒体|肌浆网|Z线|M线|心肌侧管
101879__2025_09_29_14_17_57_268617__8323671,test,annotated_nonzero,101879,cases_export_1775094268776,2025_09_29_14_17_57_268617,8323671,s-101879-1b0002.tif,4fc9cda760682ff56991c443a7c62860ce92b7f6,209,1,严重损伤线粒体|中度损伤线粒体|健康线粒体|Z线|T管|M线|心肌侧管
98307__2025_03_20_15_37_04_74162__4862995,train,groups_but_zero_marks,98307,cases_export_1775094268776,2025_03_20_15_37_04_74162,4862995,s-98307-1a0004.tif,505d9401f8ca8a440b9194e64cf0d68e0edb8f13,0,1,
99574__2025_02_07_13_49_55_661479__6182996,train,groups_but_zero_marks,99574,cases_export_1775094268776,2025_02_07_13_49_55_661479,6182996,s-99574-1a0020.tif,50986a074d4b193a151110b560bc4aef0356bd9f,0,1,
73539__2025_02_06_10_51_34_380279__9019872,test,groups_but_zero_marks,73539,cases_export_1775099769937,2025_02_06_10_51_34_380279,9019872,s-73539-1a0004.tif,51b40dc805978e1aab8257642001be6346812801,0,1,
79442__2025_02_06_11_30_57_289449__990091,train,annotated_nonzero,79442,cases_export_1775099769937,2025_02_06_11_30_57_289449,990091,s-79442-1a0027.tif,523fdc39e0ce0599a059f9d318ad857681132379,165,1,中度损伤线粒体|健康线粒体|肌浆网|Z线|T管|M线|心肌侧管
102478__2025_03_20_09_25_50_775130__1479084,train,annotated_nonzero,102478,cases_export_1775094268776,2025_03_20_09_25_50_775130,1479084,s-102478-1a0009.tif,529fc8960e004f363693872781c4a16bb57d14cf,74,1,严重损伤线粒体|健康线粒体|肌浆网|Z线样物质堆积
102487__2025_03_20_09_21_52_702063__1894105,train,annotated_nonzero,102487,cases_export_1775094268776,2025_03_20_09_21_52_702063,1894105,s-102487-1a0023.tif,530b5631a81f1e6fab5fac0b68c665b73ecce717,254,1,严重损伤线粒体|中度损伤线粒体|健康线粒体|肌浆网|Z线|T管|M线|心肌侧管
104173__2025_05_15_10_58_22_187034__4558934,train,annotated_nonzero,104173,cases_export_1775094268776,2025_05_15_10_58_22_187034,4558934,10417301.tif,533fcd64dc1b4bf670b9f4feecaaa8759157e895,1069,1,严重损伤线粒体|中度损伤线粒体|健康线粒体|肌浆网|闰盘|脂滴|Z线|T管|M线|心肌侧管
102270__2025_03_20_09_34_30_738210__521665,train,groups_but_zero_marks,102270,cases_export_1775094268776,2025_03_20_09_34_30_738210,521665,s-102270-1b0021.tif,5369952fa9e3e1d3bd4b7304c33499341156d75e,0,1,
,,template_only_no_mark_tables,104173,cases_export_1775094268776,2025_05_15_10_58_22_187034,5968780,10417309.tif,536aa97505c5bf39028671936076419d52269d5e,0,1,
99574__2025_02_07_13_49_55_661479__3287093,train,groups_but_zero_marks,99574,cases_export_1775094268776,2025_02_07_13_49_55_661479,3287093,s-99574-1a0004 (2).tif,536d835abcf17c49205b545a81f141026d76b9a5,0,1,
,,template_only_no_mark_tables,106363,cases_export_1775094268776,2025_09_26_15_55_36_591464,1494839,10636308.tif,543c561a8cb22c1a580838c291ddf62899c15c78,0,1,
101720__2025_02_07_13_56_22_742686__8088878,val,annotated_nonzero,101720,cases_export_1775094268776,2025_02_07_13_56_22_742686,8088878,s-101720-1b0007.tif,5462018340d23146fbb36854f1942e6625189653,301,1,严重损伤线粒体|中度损伤线粒体|健康线粒体|肌浆网|Z线样物质堆积|脂滴|Z线|T管|M线|心肌侧管
100727__2025_09_29_09_59_10_133471__7030263,train,groups_but_zero_marks,100727,cases_export_1775094268776,2025_09_29_09_59_10_133471,7030263,s-100727-1b0006.tif,55c39a0b7af230d5eb3933cf1ae3ab5cdc9e7b5a,0,1,
100538__2025_02_07_13_53_31_253108__4710313,test,annotated_nonzero,100538,cases_export_1775094268776,2025_02_07_13_53_31_253108,4710313,s-100538-1a0007.tif,55f1a6fee0bf405ddfd9d4b6cd33cef5907b3056,144,2,严重损伤线粒体|健康线粒体|肌浆网|Z线|M线|心肌侧管
100952__2025_09_29_11_07_00_193879__7879913,test,annotated_nonzero,100952,cases_export_1775094268776,2025_09_29_11_07_00_193879,7879913,s-100952-1a0003.tif,563e9e637a2adf299e77464b7d2c682b0b1ab763,169,1,严重损伤线粒体|中度损伤线粒体|健康线粒体|肌浆网|Z线|M线|心肌侧管
102238__2025_09_29_14_42_32_51334__5445807,test,annotated_nonzero,102238,cases_export_1775094268776,2025_09_29_14_42_32_51334,5445807,s-102238-1b0011.tif,565d7376570ed17018b3990308e7731bacf288c7,207,1,中度损伤线粒体|健康线粒体|Z线|M线|心肌侧管
101879__2025_09_29_14_17_57_268617__4128020,test,annotated_nonzero,101879,cases_export_1775094268776,2025_09_29_14_17_57_268617,4128020,s-101879-1a0008 - 副本.tif,566e4e02e27820cf3cb7dd11cccd2257b05c6702,275,1,严重损伤线粒体|中度损伤线粒体|健康线粒体|自噬线粒体|Z线|M线|心肌侧管
100519__2025_09_24_08_31_30_664190__7460478,train,annotated_nonzero,100519,cases_export_1775094268776,2025_09_24_08_31_30_664190,7460478,s-1005190001.tif,571763482e4ffeb925db2d5955c9f2072cb9e905,30,1,严重损伤线粒体|中度损伤线粒体|闰盘|Z线|M线|心肌侧管
101879__2025_09_29_14_17_57_268617__978956,test,annotated_nonzero,101879,cases_export_1775094268776,2025_09_29_14_17_57_268617,978956,s-101879-1b0004.tif,57358d2a0e824c58fe7cd2cbb985fa07ba54e111,244,1,严重损伤线粒体|中度损伤线粒体|健康线粒体|肌浆网|Z线|T管|M线|心肌侧管
101720__2025_02_07_13_56_22_742686__4618371,val,annotated_nonzero,101720,cases_export_1775094268776,2025_02_07_13_56_22_742686,4618371,s-101720-1a0017.tif,580be054e905bd3b0a758c46eabd8848b5f99368,52,1,严重损伤线粒体|健康线粒体|肌浆网|Z线|M线|心肌侧管
101773__2026_01_27_11_03_03_380136__3701355,val,annotated_nonzero,101773,cases_export_1775094268776,2026_01_27_11_03_03_380136,3701355,s-101773-1b0005.tif,5849ca4152f8e83d803a5a8eaeef7561ab50ddbe,38,1,Z线|M线|心肌侧管
100952__2025_09_29_11_07_00_193879__8932596,test,annotated_nonzero,100952,cases_export_1775094268776,2025_09_29_11_07_00_193879,8932596,s-100952-1b0002.tif,58cbe18dc230bb96e90aaf334f338f5184c10808,189,2,严重损伤线粒体|中度损伤线粒体|健康线粒体|脂滴|Z线|M线|心肌侧管
102478__2025_03_20_09_25_50_775130__8889295,train,annotated_nonzero,102478,cases_export_1775094268776,2025_03_20_09_25_50_775130,8889295,s-102478-1a0015.tif,5930f060812a8266c5177a5e887f1441bf38405a,137,1,严重损伤线粒体|中度损伤线粒体|健康线粒体|肌浆网|闰盘|Z线样物质堆积|脂滴|Z线
,,template_only_no_mark_tables,100519,cases_export_1775094268776,2025_09_24_08_31_30_664190,9018690,s-1005190012.tif,59450ad0ad64516e1e028242aaa1c7dbe400889e,0,1,
101879__2025_09_29_14_17_57_268617__4675173,test,annotated_nonzero,101879,cases_export_1775094268776,2025_09_29_14_17_57_268617,4675173,s-101879-1a0007 - 副本.tif,5a358d06539665f53f26280afac6f826d7372601,60,1,健康线粒体
95988__2025_03_20_17_08_19_605178__2871765,train,annotated_nonzero,95988,cases_export_1775094268776,2025_03_20_17_08_19_605178,2871765,s-95988-1a0007.tif,5ae535310df41f1ced98ca965ebf3c34c05078c6,284,1,健康线粒体|肌浆网|脂滴|Z线|M线|心肌侧管
79442__2025_02_06_11_30_57_289449__4707084,train,annotated_nonzero,79442,cases_export_1775099769937,2025_02_06_11_30_57_289449,4707084,s-79442-1a0008 (2).tif,5b67bd8c604c8d8d4b1fbf7b8fac342bd74e3bf0,177,1,中度损伤线粒体|健康线粒体|肌浆网|Z线|M线|心肌侧管
,,template_only_no_mark_tables,76355,cases_export_1775094268776,2025_09_21_21_24_34_307417,6429709,76355-1b0006.tif,5b89a53eb73ce3df8cf97426c10d219e27ea760b,0,1,
109395__2025_12_16_17_05_22_689098__9401076,val,annotated_nonzero,109395,cases_export_1775094268776,2025_12_16_17_05_22_689098,9401076,E10939501.tif,5c5b08046cc50c22110a33f1a844e0ec2d299880,606,1,严重损伤线粒体|中度损伤线粒体|健康线粒体|Z线|M线|心肌侧管
96650__2025_02_07_13_43_15_586952__4004407,test,annotated_nonzero,96650,cases_export_1775094268776,2025_02_07_13_43_15_586952,4004407,s-96650-1b0003.tif,5da7bc8bc637e9d0f67dfbd3cd4b3e1b75d4c468,197,1,严重损伤线粒体|健康线粒体|肌浆网|闰盘|Z线样物质堆积|脂滴|Z线|M线|心肌侧管
101720__2025_02_07_13_56_22_742686__5658088,val,groups_but_zero_marks,101720,cases_export_1775094268776,2025_02_07_13_56_22_742686,5658088,s-101720-1a0004.tif,5e56eab4ac5517d332adac73badf425a4fc3c534,0,1,
102238__2025_09_29_14_42_32_51334__8488478,test,annotated_nonzero,102238,cases_export_1775094268776,2025_09_29_14_42_32_51334,8488478,s-102238-1b0002.tif,5ed117bcd19c82c9c25a2cbe06a5b5c1fde77b9e,191,1,中度损伤线粒体|健康线粒体|Z线|M线|心肌侧管
78192__2025_02_06_11_04_02_84862__2262784,train,annotated_nonzero,78192,cases_export_1775099769937,2025_02_06_11_04_02_84862,2262784,s-78192-1a0027.tif,5ee455a5a787c47d1f2a41689a6e9b67f70ec4e0,298,1,严重损伤线粒体|中度损伤线粒体|健康线粒体|自噬线粒体|肌浆网|Z线|M线|心肌侧管
78192__2025_02_06_11_04_02_84862__9322685,train,groups_but_zero_marks,78192,cases_export_1775099769937,2025_02_06_11_04_02_84862,9322685,s-78192-1a0016.tif,5f015fa796e84faa7422dd75aab6f257a1179ef3,0,1,
102487__2025_03_20_09_21_52_702063__2134962,train,annotated_nonzero,102487,cases_export_1775094268776,2025_03_20_09_21_52_702063,2134962,s-102487-1b0010.tif,60b8bed2242c2a048a080e8500a53d783b06256b,268,1,严重损伤线粒体|中度损伤线粒体|健康线粒体|肌浆网|Z线|M线|心肌侧管
73539__2025_02_06_10_51_34_380279__8778831,test,annotated_nonzero,73539,cases_export_1775099769937,2025_02_06_10_51_34_380279,8778831,s-73539-1b0002 (2).tif,61fbac8e5f7e1615a0733962e16fed3b2613c76e,211,1,严重损伤线粒体|中度损伤线粒体|健康线粒体|肌浆网|Z线|M线|心肌侧管
99574__2025_02_07_13_49_55_661479__379395,train,groups_but_zero_marks,99574,cases_export_1775094268776,2025_02_07_13_49_55_661479,379395,s-99574-1a0018.tif,636f4e96ce44bb8440593f7616d1075a1a0f6392,0,1,
78709__2025_02_06_11_21_39_830540__1937859,train,groups_but_zero_marks,78709,cases_export_1775099769937,2025_02_06_11_21_39_830540,1937859,s-78709-1a0011.tif,644b98f5e052ecbd2682b5c136af1c1661c23ca7,0,1,
101773__2026_01_27_11_03_03_380136__4206,val,annotated_nonzero,101773,cases_export_1775094268776,2026_01_27_11_03_03_380136,4206,s-101773-1a0006.tif,658e049f4b48df48c8a7a9024a78cdac46c39952,133,1,中度损伤线粒体|健康线粒体|肌浆网|Z线|M线|心肌侧管
99574__2025_02_07_13_49_55_661479__6932982,train,groups_but_zero_marks,99574,cases_export_1775094268776,2025_02_07_13_49_55_661479,6932982,s-99574-1a0010.tif,65bbc01e06a60d24b684a51b158ebe38b4bd9523,0,1,
,,template_only_no_mark_tables,104173,cases_export_1775094268776,2025_05_15_10_58_22_187034,8317951,10417308.tif,6758cb94b1669833bc8a0d37970d3420e3ac8ca9,0,1,
98307__2025_03_20_15_37_04_74162__5919245,train,groups_but_zero_marks,98307,cases_export_1775094268776,2025_03_20_15_37_04_74162,5919245,s-98307-1b0003.tif,676752fcc85735fccbaac065bea53630a3e0f450,0,1,
102478__2025_03_20_09_25_50_775130__8208530,train,annotated_nonzero,102478,cases_export_1775094268776,2025_03_20_09_25_50_775130,8208530,s-102478-1b0010.tif,682e2cd40cd45d7c8c3ec2647de6e96f3606aa86,219,1,严重损伤线粒体|健康线粒体|肌浆网|Z线样物质堆积|脂滴|Z线|心肌侧管
101879__2025_09_29_14_17_57_268617__7728727,test,groups_but_zero_marks,101879,cases_export_1775094268776,2025_09_29_14_17_57_268617,7728727,s-101879-1a0006 - 副本.tif,68632510982ec7d1a69926f6690a5159e51caa8f,0,1,
,,template_only_no_mark_tables,101685,cases_export_1775094268776,2025_03_20_08_38_48_765312,7413171,s-101685-1a0013.tif,688ca5fd486382975e166b4ff38da8c6fb40c51c,0,1,
102966__2025_04_23_09_15_22_574073__5129404,train,annotated_nonzero,102966,cases_export_1775094268776,2025_04_23_09_15_22_574073,5129404,s-102966-1a0002.tif,688dc67e63ec1afb8e654836965170230115c2bf,254,1,严重损伤线粒体|中度损伤线粒体|健康线粒体|肌浆网|Z线|T管|M线|心肌侧管
102238__2025_09_29_14_42_32_51334__3944497,test,annotated_nonzero,102238,cases_export_1775094268776,2025_09_29_14_42_32_51334,3944497,s-102238-1b0015.tif,69216f717488c011550635d91d59f205afc0dace,192,1,健康线粒体|Z线|M线|心肌侧管
,,template_only_no_mark_tables,76355,cases_export_1775094268776,2025_09_21_21_24_34_307417,5642509,76355-1b0004.tif,6a77cbf2edfbb00556423033bac55500a83cffc8,0,1,
101720__2025_02_07_13_56_22_742686__3641425,val,groups_but_zero_marks,101720,cases_export_1775094268776,2025_02_07_13_56_22_742686,3641425,s-101720-1a0005.tif,6af8ca0074a9d8143183fca972b9fd04874df92e,0,1,
,,template_only_no_mark_tables,101685,cases_export_1775094268776,2025_03_20_08_38_48_765312,5981035,s-101685-1a0017.tif,6bd443853317ad3ef78f9ff6db63fee98d899a95,0,1,
76355__2025_09_21_21_24_34_307417__8493526,val,annotated_nonzero,76355,cases_export_1775094268776,2025_09_21_21_24_34_307417,8493526,76355-1b0010.tif,6c2edfac7d3bf890fddbc6865d2df19f93fc20ff,29,1,健康线粒体|自噬线粒体|Z线|M线|心肌侧管
101720__2025_02_07_13_56_22_742686__5402195,val,annotated_nonzero,101720,cases_export_1775094268776,2025_02_07_13_56_22_742686,5402195,s-101720-1b0001.tif,6cf1c953be37a019c418b14bdb8784d73fe1c68a,486,1,中度损伤线粒体|健康线粒体|肌浆网|脂滴|Z线|T管|M线|心肌侧管
101773__2026_01_27_11_03_03_380136__7503394,val,annotated_nonzero,101773,cases_export_1775094268776,2026_01_27_11_03_03_380136,7503394,s-101773-1b0013.tif,6cf6a60d999e845755bfdf6178efef45b9a92909,178,1,严重损伤线粒体|中度损伤线粒体|健康线粒体|脂滴|Z线|M线|心肌侧管
99574__2025_02_07_13_49_55_661479__5638471,train,groups_but_zero_marks,99574,cases_export_1775094268776,2025_02_07_13_49_55_661479,5638471,s-99574-1a0016.tif,6d3bd59c628bd90d3903e235fa95f8adea7f7753,0,1,
104173__2025_05_15_10_58_22_187034__2845399,train,groups_but_zero_marks,104173,cases_export_1775094268776,2025_05_15_10_58_22_187034,2845399,10417306.tif,6e20a4c9f385b738edf069cc337b07e66a5bff30,0,1,
101509__2025_09_29_14_09_24_546711__4711390,train,annotated_nonzero,101509,cases_export_1775094268776,2025_09_29_14_09_24_546711,4711390,s-101509-1a0007.tif,6e20bb5a073b983286403b2af17144fb4455bb39,118,1,严重损伤线粒体|中度损伤线粒体|健康线粒体|肌浆网|Z线|M线|心肌侧管
100538__2025_02_07_13_53_31_253108__2693993,test,annotated_nonzero,100538,cases_export_1775094268776,2025_02_07_13_53_31_253108,2693993,s-100538-1a0006.tif,6ead915cca307d451a7227fc14f558c8a4fd1489,44,2,严重损伤线粒体|中度损伤线粒体|健康线粒体|Z线|M线
101581__2025_07_24_13_54_36_303072__2981754,train,annotated_nonzero,101581,cases_export_1775094268776,2025_07_24_13_54_36_303072,2981754,s-101581-1b0005.tif,6f1878b0f6c61bd972e9294dfc127d6ababd017b,276,1,严重损伤线粒体|中度损伤线粒体|健康线粒体|脂滴|Z线|M线|心肌侧管
102238__2025_09_29_14_42_32_51334__3522676,test,groups_but_zero_marks,102238,cases_export_1775094268776,2025_09_29_14_42_32_51334,3522676,s-102238-1b0022.tif,6f40110fd0890480ad0ebe5ebeee796d2b3531ec,0,1,
101581__2025_07_24_13_54_36_303072__8471848,train,annotated_nonzero,101581,cases_export_1775094268776,2025_07_24_13_54_36_303072,8471848,s-101581-1b0006.tif,6f6e1c0fa325bfafb60c62de5c99c10305ebd934,276,1,严重损伤线粒体|中度损伤线粒体|健康线粒体|肌浆网|Z线|M线|心肌侧管
101879__2025_09_29_14_17_57_268617__4826206,test,annotated_nonzero,101879,cases_export_1775094268776,2025_09_29_14_17_57_268617,4826206,s-101879-1a0003 - 副本.tif,6fc24fd5e4acd18c63b585db634e62375c0cbebc,109,1,严重损伤线粒体|中度损伤线粒体|健康线粒体|Z线样物质堆积|Z线|M线
109395__2025_12_16_17_05_22_689098__5824150,val,annotated_nonzero,109395,cases_export_1775094268776,2025_12_16_17_05_22_689098,5824150,E10939509.tif,703c72599adbc8f2afac89140606eead68c9f5e1,544,1,严重损伤线粒体|中度损伤线粒体|健康线粒体|Z线|M线|心肌侧管
104173__2025_05_15_10_58_22_187034__6484966,train,annotated_nonzero,104173,cases_export_1775094268776,2025_05_15_10_58_22_187034,6484966,10417310.tif,71162c4d4502fdde82d2089043b8e8219221576f,199,1,Z线|T管|M线
73539__2025_02_06_10_51_34_380279__9393613,test,groups_but_zero_marks,73539,cases_export_1775099769937,2025_02_06_10_51_34_380279,9393613,s-73539-1a0004 (2).tif,72ab6adadd1e152491cbf01058b3d41b3ba3ff43,0,1,
73539__2025_02_06_10_51_34_380279__1373621,test,annotated_nonzero,73539,cases_export_1775099769937,2025_02_06_10_51_34_380279,1373621,s-73539-1b0025.tif,73727d2847331a9270ddeebea675a2b541c5b798,164,1,严重损伤线粒体|中度损伤线粒体|健康线粒体|肌浆网|Z线|M线|心肌侧管
99575__2025_02_07_13_52_08_837875__6257425,val,annotated_nonzero,99575,cases_export_1775094268776,2025_02_07_13_52_08_837875,6257425,s-99575-1b0001.tif,73abf37e26f646a95dc8ea0e7e30b7b3b8b445b3,250,1,严重损伤线粒体|中度损伤线粒体|健康线粒体|肌浆网|闰盘|脂滴|Z线|T管|M线|心肌侧管
98915__2025_03_20_15_34_48_592480__1437002,train,groups_but_zero_marks,98915,cases_export_1775094268776,2025_03_20_15_34_48_592480,1437002,s-98915-1b0002.tif,73e9b4ff91887d644d677435db3c1b9503a8beb2,0,1,
101720__2025_02_07_13_56_22_742686__9498462,val,annotated_nonzero,101720,cases_export_1775094268776,2025_02_07_13_56_22_742686,9498462,s-101720-1a0012.tif,74ec546c98cd9f34ba1d40716b80e5cf960b3115,185,1,中度损伤线粒体|健康线粒体|肌浆网|Z线|T管|M线|心肌侧管
78709__2025_02_06_11_21_39_830540__25588,train,groups_but_zero_marks,78709,cases_export_1775099769937,2025_02_06_11_21_39_830540,25588,s-78709-1a0006.tif,75587e11f5d3c97830e89f4b2abbbe26fa46ce19,0,1,
102455__2025_03_20_09_17_15_98408__196845,train,groups_but_zero_marks,102455,cases_export_1775094268776,2025_03_20_09_17_15_98408,196845,s-102455-1b0005.tif,76111304078d8025c5b749480c18403f36b4e546,0,1,
96650__2025_02_07_13_43_15_586952__6665718,test,annotated_nonzero,96650,cases_export_1775094268776,2025_02_07_13_43_15_586952,6665718,s-96650-1b0002.tif,772862c7ec7727dd2a7da8ce2eccedf264df4483,228,1,严重损伤线粒体|健康线粒体|肌浆网|Z线|M线|心肌侧管
78192__2025_02_06_11_04_02_84862__6303198,train,annotated_nonzero,78192,cases_export_1775099769937,2025_02_06_11_04_02_84862,6303198,s-78192-1a0015.tif,782b21cb8cd5599ba4e61b06bfc99d62ec6c8d71,64,1,严重损伤线粒体|中度损伤线粒体|健康线粒体|Z线
95128__2025_02_07_11_25_31_373289__706100,train,annotated_nonzero,95128,cases_export_1775094268776,2025_02_07_11_25_31_373289,706100,s-95128-1b0008.tif,789aa872f7b86f24783ffdeddfdb0419f4380203,96,1,严重损伤线粒体|中度损伤线粒体|健康线粒体|肌浆网|Z线|M线|心肌侧管
101773__2026_01_27_11_03_03_380136__6373068,val,annotated_nonzero,101773,cases_export_1775094268776,2026_01_27_11_03_03_380136,6373068,s-101773-1b0011.tif,7ba34a7fdb9d83a3c34947b10e901867e1b58599,230,1,严重损伤线粒体|中度损伤线粒体|健康线粒体|脂滴|Z线|M线|心肌侧管
101720__2025_02_07_13_56_22_742686__5446083,val,annotated_nonzero,101720,cases_export_1775094268776,2025_02_07_13_56_22_742686,5446083,s-101720-1a0016.tif,7bdfce504249367a65533eff76b5268699693932,254,1,严重损伤线粒体|健康线粒体|肌浆网|脂滴|Z线|T管|M线|心肌侧管
101720__2025_02_07_13_56_22_742686__4870288,val,annotated_nonzero,101720,cases_export_1775094268776,2025_02_07_13_56_22_742686,4870288,s-101720-1a0015.tif,7dd9585fae4c604a6655ca384f49f10184883040,59,1,健康线粒体
102238__2025_09_29_14_42_32_51334__4267955,test,annotated_nonzero,102238,cases_export_1775094268776,2025_09_29_14_42_32_51334,4267955,s-102238-1b0020.tif,7e6d449d306ddce8670d69e3bc92f3f508f8bd76,176,1,健康线粒体|Z线|M线|心肌侧管
95988__2025_03_20_17_08_19_605178__6379497,train,groups_but_zero_marks,95988,cases_export_1775094268776,2025_03_20_17_08_19_605178,6379497,s-95988-1a0005.tif,7ebfbc53071666542ee6b2824267d272c7e4c9b3,0,1,
,,template_only_no_mark_tables,76355,cases_export_1775094268776,2025_09_21_21_24_34_307417,9093511,76355-1b0005.tif,7fcf635fbc319fe1e5392d8f23ba540148b6990d,0,1,
101297__2025_03_20_14_38_57_432942__5232536,train,groups_but_zero_marks,101297,cases_export_1775094268776,2025_03_20_14_38_57_432942,5232536,s-101297-1a0003.tif,803966bbef8659bb7de031c91e0d1e26c5c22b4f,0,1,
106363__2025_09_26_15_55_36_591464__2409771,train,annotated_nonzero,106363,cases_export_1775094268776,2025_09_26_15_55_36_591464,2409771,10636310.tif,80668642fe5ab31c71ca04aac89fefe2b3437d6f,11,1,Z线|M线
102478__2025_03_20_09_25_50_775130__7075599,train,groups_but_zero_marks,102478,cases_export_1775094268776,2025_03_20_09_25_50_775130,7075599,s-102478-1a0002.tif,81c0a40fea7fcbf02a39b65c135dd8144386b984,0,1,
95128__2025_02_07_11_25_31_373289__5802574,train,groups_but_zero_marks,95128,cases_export_1775094268776,2025_02_07_11_25_31_373289,5802574,s-95128-1b0006.tif,823d04bcaf070fdfd19e856dea67b53f0b03af9f,0,1,
109395__2025_12_16_17_05_22_689098__4219268,val,annotated_nonzero,109395,cases_export_1775094268776,2025_12_16_17_05_22_689098,4219268,E10939517.tif,831f5247496aed4cbf13a613367e26e52be21a0c,286,1,严重损伤线粒体|中度损伤线粒体|健康线粒体|肌浆网|Z线|T管|M线|心肌侧管
102238__2025_09_29_14_42_32_51334__8529730,test,groups_but_zero_marks,102238,cases_export_1775094268776,2025_09_29_14_42_32_51334,8529730,s-102238-1b0018.tif,8374e7bdc414672f79c244068e603d6b8fe064a5,0,1,
101720__2025_02_07_13_56_22_742686__5976309,val,groups_but_zero_marks,101720,cases_export_1775094268776,2025_02_07_13_56_22_742686,5976309,s-101720-1a0003.tif,8382e9d72aa9eb61a467db8522135114cedd2b95,0,1,
102238__2025_09_29_14_42_32_51334__1503865,test,annotated_nonzero,102238,cases_export_1775094268776,2025_09_29_14_42_32_51334,1503865,s-102238-1b0019.tif,84bc0df221c501a1d82ea4e8847b3aa2ca7ca39f,127,1,健康线粒体|肌浆网|Z线|M线|心肌侧管
95988__2025_03_20_17_08_19_605178__7291977,train,groups_but_zero_marks,95988,cases_export_1775094268776,2025_03_20_17_08_19_605178,7291977,s-95988-1b0002.tif,85fac1c7e166e66d0ee5da01fbb5f311aa9ddbd3,0,1,
102455__2025_03_20_09_17_15_98408__206739,train,groups_but_zero_marks,102455,cases_export_1775094268776,2025_03_20_09_17_15_98408,206739,s-102455-1b0013.tif,86674e5124f53e81e3da40aa5737333b123e52b9,0,1,
102270__2025_03_20_09_34_30_738210__2703704,train,groups_but_zero_marks,102270,cases_export_1775094268776,2025_03_20_09_34_30_738210,2703704,s-102270-1b0025.tif,87a14a3d78c568bb2b48c27713b0abc76b3ae8ef,0,1,
78192__2025_02_06_11_04_02_84862__6502459,train,annotated_nonzero,78192,cases_export_1775099769937,2025_02_06_11_04_02_84862,6502459,s-78192-1a0012.tif,88912e4aca3f0987004d2cbc73c3ad54d973b77f,209,1,严重损伤线粒体|健康线粒体|肌浆网|Z线|M线|心肌侧管
100727__2025_09_29_09_59_10_133471__1859979,train,annotated_nonzero,100727,cases_export_1775094268776,2025_09_29_09_59_10_133471,1859979,s-100727-1b0001.tif,892f2c9cac7927161f412cee01e00560ffe77ba2,207,1,严重损伤线粒体|中度损伤线粒体|健康线粒体|肌浆网|脂滴|Z线|M线|心肌侧管
78709__2025_02_06_11_21_39_830540__7356521,train,groups_but_zero_marks,78709,cases_export_1775099769937,2025_02_06_11_21_39_830540,7356521,s-78709-1a0017.tif,8a35be6db0eba713cf7d0e65446e08ae45b12980,0,1,
101720__2025_02_07_13_56_22_742686__83093,val,groups_but_zero_marks,101720,cases_export_1775094268776,2025_02_07_13_56_22_742686,83093,s-101720-1a0006.tif,8a3a9b0eafb018c5a7c12c45e2cccb096f158f02,0,1,
78192__2025_02_06_11_04_02_84862__2312100,train,annotated_nonzero,78192,cases_export_1775099769937,2025_02_06_11_04_02_84862,2312100,s-78192-1a0008.tif,8a9486ee90607f89d44359c35db119cbfe5ba601,56,1,严重损伤线粒体|中度损伤线粒体|健康线粒体|肌浆网|Z线|M线|心肌侧管
100952__2025_03_20_14_44_37_811870__2917780,test,annotated_nonzero,100952,cases_export_1775094268776,2025_03_20_14_44_37_811870,2917780,s-100952-1a0004.tif,8b3271c201868cd07f5b70b5b7201f7ddf947266,272,2,严重损伤线粒体|中度损伤线粒体|健康线粒体|肌浆网|Z线|T管|M线|心肌侧管
102238__2025_09_29_14_42_32_51334__3696301,test,annotated_nonzero,102238,cases_export_1775094268776,2025_09_29_14_42_32_51334,3696301,s-102238-1b0012.tif,8c75df49ddfd7271a88104a1b5b7b4e31f21dedc,224,1,严重损伤线粒体|中度损伤线粒体|健康线粒体|Z线|M线|心肌侧管
78709__2025_02_06_11_21_39_830540__9228288,train,groups_but_zero_marks,78709,cases_export_1775099769937,2025_02_06_11_21_39_830540,9228288,s-78709-1a0023.tif,8cefec2b4e4708588973231f2ad23bfdf914ddd7,0,1,
102487__2025_03_20_09_21_52_702063__8425281,train,groups_but_zero_marks,102487,cases_export_1775094268776,2025_03_20_09_21_52_702063,8425281,s-102487-1a0019.tif,8d5cf92fe9d29f0b8215dbf8f1b4cc312d38d593,0,1,
102270__2025_03_20_09_34_30_738210__864986,train,groups_but_zero_marks,102270,cases_export_1775094268776,2025_03_20_09_34_30_738210,864986,s-102270-1b0026.tif,8e05858bf965e006e929f4bd174cc176ade5096b,0,1,
101165__2025_09_29_13_55_19_785892__1643986,train,annotated_nonzero,101165,cases_export_1775094268776,2025_09_29_13_55_19_785892,1643986,s-101165-1a0004.tif,8e8a895ec8dd07c050d0971c72fed0516bada7d2,97,1,严重损伤线粒体|中度损伤线粒体|健康线粒体|肌浆网|脂滴|Z线|M线|心肌侧管
99574__2025_02_07_13_49_55_661479__2085948,train,groups_but_zero_marks,99574,cases_export_1775094268776,2025_02_07_13_49_55_661479,2085948,s-99574-1a0024.tif,90b741c38b1d65a66210eb0c58a43e791384c5a3,0,1,
73539__2025_02_06_10_51_34_380279__2410670,test,groups_but_zero_marks,73539,cases_export_1775099769937,2025_02_06_10_51_34_380279,2410670,s-73539-1a0003 (2).tif,91a889241f9493698e537fcfed0c99defef8eea9,0,1,
76355__2025_09_21_21_24_34_307417__8649449,val,groups_but_zero_marks,76355,cases_export_1775094268776,2025_09_21_21_24_34_307417,8649449,76355-1b0001.tif,925bc34b13a16ab97a6737352b1a4ceaf4c498f0,0,1,
76355__2025_09_21_21_24_34_307417__3315573,val,annotated_nonzero,76355,cases_export_1775094268776,2025_09_21_21_24_34_307417,3315573,76355-1b0009.tif,9304cd9b2d429919e48a7c0dd1a60530d87b141b,31,1,健康线粒体|Z线|M线|心肌侧管
100963__2025_09_29_13_51_14_561253__8539537,train,annotated_nonzero,100963,cases_export_1775094268776,2025_09_29_13_51_14_561253,8539537,s-1009630006.tif,936e6550286d29063e1e633a539f0a3504e9e0c4,8,1,健康线粒体
99574__2025_02_07_13_49_55_661479__2066817,train,annotated_nonzero,99574,cases_export_1775094268776,2025_02_07_13_49_55_661479,2066817,s-99574-1a0006.tif,937c5b58136f0c4c0a57812adb14481b7a441449,254,1,健康线粒体|脂滴|Z线|M线|心肌侧管
82765__2025_02_06_15_24_06_973921__2231603,train,groups_but_zero_marks,82765,cases_export_1775094268776,2025_02_06_15_24_06_973921,2231603,s-82765-1b0006.tif,945272571d115cd9cacade1e51e6778198662be2,0,1,
96650__2025_02_07_13_43_15_586952__338488,test,annotated_nonzero,96650,cases_export_1775094268776,2025_02_07_13_43_15_586952,338488,s-96650-1a0002.tif,94cda365ad3267ffb25e9f021ed795c5bd6093d3,304,1,严重损伤线粒体|中度损伤线粒体|健康线粒体|肌浆网|Z线|T管|M线|心肌侧管
100963__2025_09_29_13_51_14_561253__4163531,train,groups_but_zero_marks,100963,cases_export_1775094268776,2025_09_29_13_51_14_561253,4163531,s-1009630008.tif,94d08aa645a82f9695a10d6dfc24fa4f34347e5f,0,1,
99574__2025_02_07_13_49_55_661479__236412,train,groups_but_zero_marks,99574,cases_export_1775094268776,2025_02_07_13_49_55_661479,236412,s-99574-1a0002.tif,952395edca253bc58e271d2c4bc3a54cae802c81,0,1,
102238__2025_09_29_14_42_32_51334__4412843,test,annotated_nonzero,102238,cases_export_1775094268776,2025_09_29_14_42_32_51334,4412843,s-102238-1b0013.tif,957c6781008ec40daa8525918c7bc0273bec7caf,231,1,健康线粒体|Z线|M线|心肌侧管
96650__2025_02_07_13_43_15_586952__9997948,test,annotated_nonzero,96650,cases_export_1775094268776,2025_02_07_13_43_15_586952,9997948,s-96650-1a0005.tif,9605c3f86f2d604ae30120f1d481aeaeecfc6140,249,1,严重损伤线粒体|中度损伤线粒体|健康线粒体|肌浆网|Z线|T管|M线|心肌侧管
99574__2025_02_07_13_49_55_661479__9392764,train,groups_but_zero_marks,99574,cases_export_1775094268776,2025_02_07_13_49_55_661479,9392764,s-99574-1a0021.tif,964f2bf80a638da27d5404232dfef8bc38bccd76,0,1,
101297__2025_03_20_14_38_57_432942__1054742,train,groups_but_zero_marks,101297,cases_export_1775094268776,2025_03_20_14_38_57_432942,1054742,s-101297-1a0007.tif,965c5d4fa138dd947e41c62ef623619d480bd765,0,1,
99574__2025_02_07_13_49_55_661479__4086110,train,annotated_nonzero,99574,cases_export_1775094268776,2025_02_07_13_49_55_661479,4086110,s-99574-1a0030.tif,97b5eda77017715980b236de89619bb089659d5a,179,1,健康线粒体|Z线|M线|心肌侧管
101431__2025_03_20_13_36_27_466882__2929475,train,annotated_nonzero,101431,cases_export_1775094268776,2025_03_20_13_36_27_466882,2929475,s-101431-1a0006.tif,97c46b47452d2467f0d40e4b12e5b3417e175872,176,1,严重损伤线粒体|中度损伤线粒体|健康线粒体|肌浆网|闰盘|Z线|M线|心肌侧管
101773__2026_01_27_11_03_03_380136__6350246,val,annotated_nonzero,101773,cases_export_1775094268776,2026_01_27_11_03_03_380136,6350246,s-101773-1b0012.tif,9a4b81d09fd60db92fe84e83407ba0a5049d5483,172,1,严重损伤线粒体|中度损伤线粒体|健康线粒体|Z线|M线|心肌侧管
95128__2025_02_07_11_25_31_373289__7246090,train,annotated_nonzero,95128,cases_export_1775094268776,2025_02_07_11_25_31_373289,7246090,s-95128-1b0005.tif,9a51dee3c64821396d113c5da86af537e59a91fc,69,1,严重损伤线粒体|中度损伤线粒体|健康线粒体|肌浆网|闰盘|Z线样物质堆积|Z线|T管|M线|心肌侧管
76355__2025_09_21_21_24_34_307417__3599450,val,groups_but_zero_marks,76355,cases_export_1775094268776,2025_09_21_21_24_34_307417,3599450,76355-1b0011.tif,9b2f077475727561a5aed18d16718bd3e94e7f90,0,1,
100963__2025_09_29_13_51_14_561253__8404226,train,groups_but_zero_marks,100963,cases_export_1775094268776,2025_09_29_13_51_14_561253,8404226,s-1009630004.tif,9b3f157bef34d3a0c0e5ac4430ad25f28fb9de2a,0,1,
,,template_only_no_mark_tables,101685,cases_export_1775094268776,2025_03_20_08_38_48_765312,433263,s-101685-1a0020.tif,9c68b63f5e808db49d53bf3928c08bf881853a42,0,1,
78709__2025_02_06_11_21_39_830540__8703061,train,groups_but_zero_marks,78709,cases_export_1775099769937,2025_02_06_11_21_39_830540,8703061,s-78709-1a0025.tif,9cfe24a489f6f947dfdf175dbb0229df8acf9387,0,1,
101720__2025_02_07_13_56_22_742686__9412644,val,annotated_nonzero,101720,cases_export_1775094268776,2025_02_07_13_56_22_742686,9412644,s-101720-1a0020.tif,9dd7c09229ece25ef1282e4e80d42aa8c907aab7,366,1,严重损伤线粒体|中度损伤线粒体|健康线粒体|肌浆网|Z线|T管|M线|心肌侧管
,,template_only_no_mark_tables,100519,cases_export_1775094268776,2025_09_24_08_31_30_664190,4889551,s-1005190002.tif,9ebdfaa4c8171df75680d5fcfc3275fc1d870be4,0,1,
101581__2025_07_24_13_54_36_303072__1758121,train,annotated_nonzero,101581,cases_export_1775094268776,2025_07_24_13_54_36_303072,1758121,s-101581-1b0004.tif,9f66df17e93bd9ab1352ed39c4340f432af21d26,256,1,严重损伤线粒体|中度损伤线粒体|健康线粒体|肌浆网|脂滴|Z线|T管|M线|心肌侧管
78709__2025_02_06_11_21_39_830540__8009851,train,groups_but_zero_marks,78709,cases_export_1775099769937,2025_02_06_11_21_39_830540,8009851,s-78709-1a0026.tif,9f95d69679614ce46a165e085f9d53393616a3ec,0,1,
101720__2025_02_07_13_56_22_742686__2844383,val,annotated_nonzero,101720,cases_export_1775094268776,2025_02_07_13_56_22_742686,2844383,s-101720-1a0001.tif,9ff4c2b3052cddc0bef5dc4b415647d88ec48814,360,1,严重损伤线粒体|中度损伤线粒体|健康线粒体|肌浆网|闰盘|脂滴|Z线|T管|M线|心肌侧管
101165__2025_03_20_14_42_35_303909__4246664,train,annotated_nonzero,101165,cases_export_1775094268776,2025_03_20_14_42_35_303909,4246664,s-101165-1a0005.tif,a163f53e6bd1b0f78ac7e2eac3f818f6d4f1ad5d,247,2,严重损伤线粒体|中度损伤线粒体|健康线粒体|肌浆网|脂滴|Z线|T管|M线|心肌侧管
78192__2025_02_06_11_04_02_84862__9703097,train,annotated_nonzero,78192,cases_export_1775099769937,2025_02_06_11_04_02_84862,9703097,s-78192-1b0005.tif,a2f4ca857c7dae8d49386c96e9a3b9d002c7779e,60,1,严重损伤线粒体|中度损伤线粒体|健康线粒体|Z线|M线|心肌侧管
78192__2025_02_06_11_04_02_84862__3604027,train,annotated_nonzero,78192,cases_export_1775099769937,2025_02_06_11_04_02_84862,3604027,s-78192-1a0010.tif,a33957742317fbc61296c455f817dada09db6d75,336,1,严重损伤线粒体|中度损伤线粒体|健康线粒体|肌浆网|Z线|M线|心肌侧管
98307__2025_03_20_15_37_04_74162__1465529,train,groups_but_zero_marks,98307,cases_export_1775094268776,2025_03_20_15_37_04_74162,1465529,s-98307-1a0007.tif,a3dc9dc9b9b122f144c441da6ccd586d790fbf8a,0,1,
99574__2025_02_07_13_49_55_661479__8229849,train,groups_but_zero_marks,99574,cases_export_1775094268776,2025_02_07_13_49_55_661479,8229849,s-99574-1a0009.tif,a42ff8b7c6dcb834bf291c126e5b931acae40a32,0,1,
99575__2025_02_07_13_52_08_837875__961606,val,annotated_nonzero,99575,cases_export_1775094268776,2025_02_07_13_52_08_837875,961606,s-99575-1b0004.tif,a53f47b1a9d1434ea1d174bc9f1a28482f098259,106,1,严重损伤线粒体|中度损伤线粒体|健康线粒体|自噬线粒体|Z线样物质堆积|脂滴|Z线|M线|心肌侧管
101297__2025_03_20_14_38_57_432942__7656860,train,groups_but_zero_marks,101297,cases_export_1775094268776,2025_03_20_14_38_57_432942,7656860,s-101297-1a0002.tif,a5425d56b87392cd3b4f3852ac9499a3419902a7,0,1,
101720__2025_02_07_13_56_22_742686__3679039,val,annotated_nonzero,101720,cases_export_1775094268776,2025_02_07_13_56_22_742686,3679039,s-101720-1b0006.tif,a881725e892569c9176d2195acbb4d89f99e1c74,431,1,严重损伤线粒体|中度损伤线粒体|健康线粒体|肌浆网|闰盘|Z线|T管|M线|心肌侧管
101773__2026_01_27_11_03_03_380136__6076405,val,annotated_nonzero,101773,cases_export_1775094268776,2026_01_27_11_03_03_380136,6076405,s-101773-1b0002.tif,a91cb84f4edf0c9a2c02b095b67ff4407d581a65,241,1,严重损伤线粒体|中度损伤线粒体|健康线粒体|Z线|T管|M线|心肌侧管
98915__2025_03_20_15_34_48_592480__6520836,train,groups_but_zero_marks,98915,cases_export_1775094268776,2025_03_20_15_34_48_592480,6520836,s-98915-1b0001.tif,a9291b92b83827da9a798d046a19c69d5b6cd015,0,1,
102487__2025_03_20_09_21_52_702063__2483339,train,groups_but_zero_marks,102487,cases_export_1775094268776,2025_03_20_09_21_52_702063,2483339,s-102487-1a0016.tif,a9ca6ae4523673aa0b37bb3fdc618fa83b7d8a84,0,1,
102238__2025_09_29_14_42_32_51334__8546221,test,annotated_nonzero,102238,cases_export_1775094268776,2025_09_29_14_42_32_51334,8546221,s-102238-1b0017.tif,aa13f17d8ac40050fea80d60eb1303e638efcf5b,194,1,健康线粒体|Z线|M线|心肌侧管
78192__2025_02_06_11_04_02_84862__6530712,train,annotated_nonzero,78192,cases_export_1775099769937,2025_02_06_11_04_02_84862,6530712,s-78192-1a0007 (2).tif,aa399c982410a97b0732a14985ca62128119319d,249,1,严重损伤线粒体|中度损伤线粒体|健康线粒体|肌浆网|Z线|T管|M线|心肌侧管
100538__2025_02_07_13_53_31_253108__4941541,test,annotated_nonzero,100538,cases_export_1775094268776,2025_02_07_13_53_31_253108,4941541,s-100538-1a0001.tif,aa7ecd7f3f26131a683de2e1058d280702dc3659,281,2,严重损伤线粒体|中度损伤线粒体|健康线粒体|Z线样物质堆积|Z线|T管|M线|心肌侧管
95988__2025_03_20_17_08_19_605178__3753640,train,groups_but_zero_marks,95988,cases_export_1775094268776,2025_03_20_17_08_19_605178,3753640,s-95988-1b0003.tif,ab181015f613acf6d824a865cf610e75261bd72e,0,1,
101720__2025_02_07_13_56_22_742686__1036486,val,annotated_nonzero,101720,cases_export_1775094268776,2025_02_07_13_56_22_742686,1036486,s-101720-1b0010.tif,abb23ba91dd054e3665a6da7cfec1a3f6585075c,331,1,健康线粒体|肌浆网|闰盘|脂滴|Z线|M线|心肌侧管
,,template_only_no_mark_tables,100519,cases_export_1775094268776,2025_09_24_08_31_30_664190,5706842,s-1005190007.tif,abb61f9046d097edb1a0d7fa51f8ee5421dace38,0,1,
99574__2025_02_07_13_49_55_661479__2228987,train,groups_but_zero_marks,99574,cases_export_1775094268776,2025_02_07_13_49_55_661479,2228987,s-99574-1a0011.tif,aca01820f482f84e04fd238d55c32e54e31775f2,0,1,
95128__2025_02_07_11_25_31_373289__5913494,train,annotated_nonzero,95128,cases_export_1775094268776,2025_02_07_11_25_31_373289,5913494,s-95128-1b0011.tif,aca901bd4d9989b09a959f210ce813850a0488e8,104,1,严重损伤线粒体|中度损伤线粒体|健康线粒体|自噬线粒体|肌浆网|闰盘|Z线|T管|M线|心肌侧管
100538__2025_02_07_13_53_31_253108__8414805,test,annotated_nonzero,100538,cases_export_1775094268776,2025_02_07_13_53_31_253108,8414805,s-100538-1b0004.tif,ae702586a345f55186001cdaffdfd53dc2915c01,54,2,中度损伤线粒体|健康线粒体|Z线|M线
98915__2025_03_20_15_34_48_592480__4421535,train,groups_but_zero_marks,98915,cases_export_1775094268776,2025_03_20_15_34_48_592480,4421535,s-98915-1b0004.tif,af0b2b41f9c918a88b11c3304c429d77345c0384,0,1,
101720__2025_02_07_13_56_22_742686__7597373,val,annotated_nonzero,101720,cases_export_1775094268776,2025_02_07_13_56_22_742686,7597373,s-101720-1a0024.tif,af56c1629f8f51b01b5e33a69eb947a4c4c24df3,197,1,健康线粒体|肌浆网|Z线|M线|心肌侧管
73539__2025_02_06_10_51_34_380279__284151,test,annotated_nonzero,73539,cases_export_1775099769937,2025_02_06_10_51_34_380279,284151,s-73539-1b0001 (2).tif,b0f42b0207c409a4960317d3508bce43c840a08e,259,1,严重损伤线粒体|中度损伤线粒体|健康线粒体|肌浆网|Z线|M线|心肌侧管
99575__2025_02_07_13_52_08_837875__2162847,val,annotated_nonzero,99575,cases_export_1775094268776,2025_02_07_13_52_08_837875,2162847,s-99575-1b0005.tif,b1c618f453cc1b42adde3ea2b3029e54e473648f,106,1,中度损伤线粒体|健康线粒体|自噬线粒体|Z线|M线|心肌侧管
100538__2025_02_07_13_53_31_253108__7389821,test,annotated_nonzero,100538,cases_export_1775094268776,2025_02_07_13_53_31_253108,7389821,s-100538-1a0009.tif,b2e356e450fdf693e8d08becb213091f3ae4d886,109,2,严重损伤线粒体|中度损伤线粒体|健康线粒体|自噬线粒体|肌浆网|Z线|M线|心肌侧管
101720__2025_02_07_13_56_22_742686__330994,val,annotated_nonzero,101720,cases_export_1775094268776,2025_02_07_13_56_22_742686,330994,s-101720-1a0025.tif,b3beaadac263e8b3604113aa21697b0c565e6f9e,474,1,中度损伤线粒体|健康线粒体|Z线|T管|M线|心肌侧管
101431__2025_03_20_13_36_27_466882__9599679,train,groups_but_zero_marks,101431,cases_export_1775094268776,2025_03_20_13_36_27_466882,9599679,s-101431-1a0005.tif,b405fd931183fa2325d63c24547dabad37b6b843,0,1,
,,template_only_no_mark_tables,101685,cases_export_1775094268776,2025_03_20_08_38_48_765312,2081808,s-101685-1a0011.tif,b424df85076232e57a0b78a1fe76ae50b6029f2e,0,1,
109395__2025_12_16_17_05_22_689098__9174177,val,annotated_nonzero,109395,cases_export_1775094268776,2025_12_16_17_05_22_689098,9174177,E10939516.tif,b5299b5d0c9813c6c65eeb84e59113aaab302e67,850,1,严重损伤线粒体|中度损伤线粒体|健康线粒体|自噬线粒体|Z线|M线|心肌侧管
95988__2025_03_20_17_08_19_605178__7818697,train,groups_but_zero_marks,95988,cases_export_1775094268776,2025_03_20_17_08_19_605178,7818697,s-95988-1a0006.tif,b5949679bccb1d0e85239b356ed45721ba703f0d,0,1,
95988__2025_03_20_17_08_19_605178__7654833,train,groups_but_zero_marks,95988,cases_export_1775094268776,2025_03_20_17_08_19_605178,7654833,s-95988-1a0004.tif,b5e441b6f06b0c43348fd7492788670b62ba517a,0,1,
78192__2025_02_06_11_04_02_84862__6177191,train,annotated_nonzero,78192,cases_export_1775099769937,2025_02_06_11_04_02_84862,6177191,s-78192-1a0020.tif,b5f87a88f213f3d58b24f43d697841f5dab4987b,267,1,中度损伤线粒体|健康线粒体|肌浆网|Z线|M线|心肌侧管
101581__2025_07_24_13_54_36_303072__4563306,train,annotated_nonzero,101581,cases_export_1775094268776,2025_07_24_13_54_36_303072,4563306,s-101581-1b0003.tif,b733ee19e3a7c53a5f06191ae489d8c034d864fd,316,1,严重损伤线粒体|中度损伤线粒体|健康线粒体|自噬线粒体|肌浆网|脂滴|Z线|T管|M线|心肌侧管
101431__2025_03_20_13_36_27_466882__9802930,train,groups_but_zero_marks,101431,cases_export_1775094268776,2025_03_20_13_36_27_466882,9802930,s-101431-1a0011.tif,b765604f1449167e17a890406d8f459b19ef185f,0,1,
78192__2025_02_06_11_04_02_84862__8665127,train,annotated_nonzero,78192,cases_export_1775099769937,2025_02_06_11_04_02_84862,8665127,s-78192-1a0002 (2).tif,b76b5a05e83794f2a8ce39c874d8e2f767eb7b57,302,1,严重损伤线粒体|中度损伤线粒体|健康线粒体|肌浆网|Z线|M线|心肌侧管
102966__2025_04_23_09_15_22_574073__7086880,train,annotated_nonzero,102966,cases_export_1775094268776,2025_04_23_09_15_22_574073,7086880,s-102966-1a0016.tif,b838bda68680d5ff8ec0f857d65025c2fb110ddf,226,1,健康线粒体|肌浆网|闰盘|Z线|M线|心肌侧管
102270__2025_03_20_09_34_30_738210__7028224,train,groups_but_zero_marks,102270,cases_export_1775094268776,2025_03_20_09_34_30_738210,7028224,s-102270-1b0022.tif,b83e57cc4f58c6a7c70d6a95b9c2ac5c9f93c20a,0,1,
78192__2025_02_06_11_04_02_84862__750585,train,groups_but_zero_marks,78192,cases_export_1775099769937,2025_02_06_11_04_02_84862,750585,s-78192-1a0009.tif,b870a7729bca4a3c7fd7efb96a99c437eb1d91e5,0,1,
78192__2025_02_06_11_04_02_84862__2582276,train,annotated_nonzero,78192,cases_export_1775099769937,2025_02_06_11_04_02_84862,2582276,s-78192-1a0004 (2).tif,b884bb9f50157075b88f9b998b9e89c964642e71,319,1,严重损伤线粒体|健康线粒体|Z线|M线|心肌侧管
101720__2025_02_07_13_56_22_742686__7215175,val,groups_but_zero_marks,101720,cases_export_1775094268776,2025_02_07_13_56_22_742686,7215175,s-101720-1a0011.tif,b88c9ba3663b0175be36204a40ef3155f83d4acb,0,1,
109395__2025_12_16_17_05_22_689098__5307474,val,annotated_nonzero,109395,cases_export_1775094268776,2025_12_16_17_05_22_689098,5307474,E10939514.tif,b9c582cab19ed2a7bdb8adf5aa6e386fe12daa2c,903,1,严重损伤线粒体|中度损伤线粒体|健康线粒体|Z线|M线|心肌侧管
,,template_only_no_mark_tables,101685,cases_export_1775094268776,2025_03_20_08_38_48_765312,2114235,s-101685-1a0019.tif,b9d95db2c4d1aa920601377d82b16554ba1183f9,0,1,
109395__2025_12_16_17_05_22_689098__6671949,val,annotated_nonzero,109395,cases_export_1775094268776,2025_12_16_17_05_22_689098,6671949,E10939502.tif,b9eeda635d3cf3f68e96ac5a15ed3e45d9c29f27,780,1,严重损伤线粒体|中度损伤线粒体|健康线粒体|肌浆网|脂滴|Z线|M线|心肌侧管
,,template_only_no_mark_tables,100519,cases_export_1775094268776,2025_09_24_08_31_30_664190,5842431,s-1005190010.tif,bae96f30294b7070668960c5aaa08ab380bf9033,0,1,
102238__2025_09_29_14_42_32_51334__1619039,test,annotated_nonzero,102238,cases_export_1775094268776,2025_09_29_14_42_32_51334,1619039,s-102238-1b0001.tif,bb752049af8d3e70d0b2658890df8f6d92508e31,179,1,严重损伤线粒体|中度损伤线粒体|健康线粒体|Z线|M线|心肌侧管
102487__2025_03_20_09_21_52_702063__3904834,train,annotated_nonzero,102487,cases_export_1775094268776,2025_03_20_09_21_52_702063,3904834,s-102487-1a0005.tif,bb8a83cb99edb5abc5140ab99e794b46b2ef3a45,9,1,Z线
101685__2025_03_20_08_38_48_765312__1094324,train,groups_but_zero_marks,101685,cases_export_1775094268776,2025_03_20_08_38_48_765312,1094324,s-101685-1a0030.tif,bcccf9d97b3689369763ea8a956d600298a44f9b,0,1,
102455__2025_03_20_09_17_15_98408__2420849,train,groups_but_zero_marks,102455,cases_export_1775094268776,2025_03_20_09_17_15_98408,2420849,s-102455-1a0002.tif,be1b3e3a221b3139542847be99418703723bac62,0,1,
76355__2025_09_21_21_24_34_307417__2758365,val,annotated_nonzero,76355,cases_export_1775094268776,2025_09_21_21_24_34_307417,2758365,76355-1b0003.tif,be543c8157e938d85c484f767e967c3db6c37fca,403,1,健康线粒体|肌浆网|Z线|M线|心肌侧管
101509__2025_09_29_14_09_24_546711__9313163,train,groups_but_zero_marks,101509,cases_export_1775094268776,2025_09_29_14_09_24_546711,9313163,s-101509-1a0002.tif,c0b3047d2c64cfa4b24d078dbc651538549ea6cf,0,1,
101773__2026_01_27_11_03_03_380136__8780155,val,annotated_nonzero,101773,cases_export_1775094268776,2026_01_27_11_03_03_380136,8780155,s-101773-1a0005.tif,c0c621fd28a01bf1b8749ead200d83f84e890358,215,1,严重损伤线粒体|中度损伤线粒体|健康线粒体|肌浆网|Z线|T管|M线|心肌侧管
82765__2025_02_06_15_24_06_973921__8164593,train,groups_but_zero_marks,82765,cases_export_1775094268776,2025_02_06_15_24_06_973921,8164593,s-82765-1b0011.tif,c10361ed0e617a8004c1f899523dd1143c1dc4a3,0,1,
98307__2025_03_20_15_37_04_74162__4468907,train,groups_but_zero_marks,98307,cases_export_1775094268776,2025_03_20_15_37_04_74162,4468907,s-98307-1a0002.tif,c1117bc4470ec82ae5392d6588fdd94d4ae6ba9f,0,1,
,,template_only_no_mark_tables,101685,cases_export_1775094268776,2025_03_20_08_38_48_765312,4382367,s-101685-1a0009.tif,c17e9fcdd3ecc70d791ea310813cb7428e29f345,0,1,
95988__2025_03_20_17_08_19_605178__6083258,train,groups_but_zero_marks,95988,cases_export_1775094268776,2025_03_20_17_08_19_605178,6083258,s-95988-1a0003.tif,c1c19deabae5cbab681b093df9be1785b0149214,0,1,
,,template_only_no_mark_tables,104173,cases_export_1775094268776,2025_05_15_10_58_22_187034,3406922,10417303.tif,c20aabf42963ea1b0f5f7b94dfa6c4690841c883,0,1,
,,template_only_no_mark_tables,104173,cases_export_1775094268776,2025_05_15_10_58_22_187034,4332562,10417312.tif,c21f9e0e7867f28b6dd5764f8f221f3529e15368,0,1,
100963__2025_09_29_13_51_14_561253__2971944,train,annotated_nonzero,100963,cases_export_1775094268776,2025_09_29_13_51_14_561253,2971944,s-1009630005.tif,c27e9b45bdde1003f2a2d27059ea942eaba54fe9,243,1,健康线粒体|Z线|M线|心肌侧管
100404__2025_03_20_14_58_23_305559__5810876,train,annotated_nonzero,100404,cases_export_1775094268776,2025_03_20_14_58_23_305559,5810876,s-100404-1b0003.tif,c2a8e291b9e31186409594e13ca330ff22b17a5a,208,1,严重损伤线粒体|中度损伤线粒体|健康线粒体|肌浆网|闰盘|脂滴|Z线|T管|M线|心肌侧管
99574__2025_02_07_13_49_55_661479__2623861,train,groups_but_zero_marks,99574,cases_export_1775094268776,2025_02_07_13_49_55_661479,2623861,s-99574-1a0015.tif,c2e0bff7ca13c1d584f0989531f19bf666e504d2,0,1,
102270__2025_03_20_09_34_30_738210__6836147,train,groups_but_zero_marks,102270,cases_export_1775094268776,2025_03_20_09_34_30_738210,6836147,s-102270-1a0007.tif,c314eae6ca0771375a7736c8cb8a10b8ee10236c,0,1,
101720__2025_02_07_13_56_22_742686__7145321,val,annotated_nonzero,101720,cases_export_1775094268776,2025_02_07_13_56_22_742686,7145321,s-101720-1a0022.tif,c333b64271dc37cb4123a3d0aa735107c95136a4,123,1,严重损伤线粒体|中度损伤线粒体|健康线粒体|肌浆网|脂滴|T管
101773__2026_01_27_11_03_03_380136__3493791,val,annotated_nonzero,101773,cases_export_1775094268776,2026_01_27_11_03_03_380136,3493791,s-101773-1a0002.tif,c33c74096a030dabeb4371054a97632222e9ea28,274,1,严重损伤线粒体|中度损伤线粒体|健康线粒体|肌浆网|Z线|M线|心肌侧管
102270__2025_03_20_09_34_30_738210__590371,train,groups_but_zero_marks,102270,cases_export_1775094268776,2025_03_20_09_34_30_738210,590371,s-102270-1a0014.tif,c399850295174c48fd581e1bea89d7b0dc7cc6e1,0,1,
102487__2025_03_20_09_21_52_702063__1620917,train,groups_but_zero_marks,102487,cases_export_1775094268776,2025_03_20_09_21_52_702063,1620917,s-102487-1a0021.tif,c4c1bf40da0f55203116917cb89f619a7e305671,0,1,
102238__2025_09_29_14_42_32_51334__947002,test,annotated_nonzero,102238,cases_export_1775094268776,2025_09_29_14_42_32_51334,947002,s-102238-1b0023.tif,c4d6e3ecf5dbb58b0007eb7f7f83e1332dc8261d,279,1,健康线粒体|Z线|M线|心肌侧管
102487__2025_03_20_09_21_52_702063__6102314,train,annotated_nonzero,102487,cases_export_1775094268776,2025_03_20_09_21_52_702063,6102314,s-102487-1a0003.tif,c64127eb4b755addd99a92a418f12242a9d7e2c9,196,1,严重损伤线粒体|中度损伤线粒体|健康线粒体|肌浆网|Z线样物质堆积|Z线|M线|心肌侧管
100538__2025_02_07_13_53_31_253108__6028945,test,annotated_nonzero,100538,cases_export_1775094268776,2025_02_07_13_53_31_253108,6028945,s-100538-1a0003.tif,c6c01932200f25d068bce4a00a6e7d1f391288c2,17,1,中度损伤线粒体|健康线粒体|Z线
96650__2025_02_07_13_43_15_586952__8617423,test,annotated_nonzero,96650,cases_export_1775094268776,2025_02_07_13_43_15_586952,8617423,s-96650-1a0004.tif,c6c54040cfcb97d5f96caba2fbe104ba8304e2e4,147,1,严重损伤线粒体|中度损伤线粒体|健康线粒体|肌浆网|Z线|M线|心肌侧管
100404__2025_03_20_14_58_23_305559__5864427,train,annotated_nonzero,100404,cases_export_1775094268776,2025_03_20_14_58_23_305559,5864427,s-100404-1b0004.tif,c6cfc7d218fe498736a987b63564e0299d4b44ef,77,1,严重损伤线粒体|中度损伤线粒体|健康线粒体|肌浆网|Z线|M线|心肌侧管
78709__2025_02_06_11_21_39_830540__72109,train,groups_but_zero_marks,78709,cases_export_1775099769937,2025_02_06_11_21_39_830540,72109,s-78709-1a0014.tif,c854d8fa51e9715ea8ea5f48f3ac5b3e1929909f,0,1,
82765__2025_02_06_15_24_06_973921__2147932,train,annotated_nonzero,82765,cases_export_1775094268776,2025_02_06_15_24_06_973921,2147932,s-82765-1b0004.tif,c8744e321e12f800615630117a58b2f111156fe4,146,1,严重损伤线粒体|中度损伤线粒体|健康线粒体|Z线|M线|心肌侧管
102238__2025_09_29_14_42_32_51334__2414145,test,annotated_nonzero,102238,cases_export_1775094268776,2025_09_29_14_42_32_51334,2414145,s-102238-1b0014.tif,c9053e027c3f257bcae45ed73844b773e878ab91,176,1,健康线粒体|Z线|M线|心肌侧管
101879__2025_09_29_14_17_57_268617__2673517,test,annotated_nonzero,101879,cases_export_1775094268776,2025_09_29_14_17_57_268617,2673517,s-101879-1a0010 - 副本.tif,c91ce08f4b1abe3d49ed162b287d3d74603e9b00,174,1,严重损伤线粒体|中度损伤线粒体|健康线粒体|自噬线粒体|Z线|M线|心肌侧管
102238__2025_09_29_14_42_32_51334__7942747,test,annotated_nonzero,102238,cases_export_1775094268776,2025_09_29_14_42_32_51334,7942747,s-102238-1b0021.tif,c99dfc17a4d2921f6826a8fc0f8c9d0c7e180137,330,1,严重损伤线粒体|健康线粒体|自噬线粒体|肌浆网|Z线|M线|心肌侧管
73539__2025_02_06_10_51_34_380279__4884676,test,annotated_nonzero,73539,cases_export_1775099769937,2025_02_06_10_51_34_380279,4884676,s-73539-1a0002 (2).tif,ca90f855db43a1a055e2a0f77e04df824385bb60,145,1,严重损伤线粒体|中度损伤线粒体|健康线粒体|Z线|M线|心肌侧管
102270__2025_03_20_09_34_30_738210__6471408,train,groups_but_zero_marks,102270,cases_export_1775094268776,2025_03_20_09_34_30_738210,6471408,s-102270-1b0010.tif,ccc380bf9aec66982540e55f5d5ef6175d08582b,0,1,
106363__2025_09_26_15_55_36_591464__5192970,train,groups_but_zero_marks,106363,cases_export_1775094268776,2025_09_26_15_55_36_591464,5192970,10636303.tif,cd128a29dea5c948ec16e8b1f71d0031aa41f796,0,1,
101720__2025_02_07_13_56_22_742686__5608731,val,annotated_nonzero,101720,cases_export_1775094268776,2025_02_07_13_56_22_742686,5608731,s-101720-1b0005.tif,cd42e30be90752ace3bab9223dc0eeed8d5b0f0a,674,1,严重损伤线粒体|中度损伤线粒体|健康线粒体|肌浆网|脂滴|Z线|T管|M线|心肌侧管
98915__2025_03_20_15_34_48_592480__3560676,train,groups_but_zero_marks,98915,cases_export_1775094268776,2025_03_20_15_34_48_592480,3560676,s-98915-1a0004.tif,d02c5bd269e9414867dfaad3de180cc3fed83ce0,0,1,
101720__2025_02_07_13_56_22_742686__3346067,val,annotated_nonzero,101720,cases_export_1775094268776,2025_02_07_13_56_22_742686,3346067,s-101720-1b0003.tif,d07b67709f7ad238a34d851e852f414b01a19c94,510,1,严重损伤线粒体|中度损伤线粒体|健康线粒体|肌浆网|闰盘|Z线|M线|心肌侧管
102455__2025_03_20_09_17_15_98408__9992222,train,groups_but_zero_marks,102455,cases_export_1775094268776,2025_03_20_09_17_15_98408,9992222,s-102455-1a0010.tif,d0aeaa559c923842761643cdf2b941da60ddc05f,0,1,
78709__2025_02_06_11_21_39_830540__9505994,train,groups_but_zero_marks,78709,cases_export_1775099769937,2025_02_06_11_21_39_830540,9505994,s-78709-1a0010.tif,d12b50634f09d46dfe1a9dd0e064955382172eee,0,1,
100952__2025_03_20_14_44_37_811870__6507603,test,annotated_nonzero,100952,cases_export_1775094268776,2025_03_20_14_44_37_811870,6507603,s-100952-1a0006.tif,d131ce8f14152f2aef393b5dda0381456296874f,244,2,严重损伤线粒体|中度损伤线粒体|健康线粒体|自噬线粒体|肌浆网|Z线|M线|心肌侧管
102966__2025_04_23_09_15_22_574073__4233264,train,annotated_nonzero,102966,cases_export_1775094268776,2025_04_23_09_15_22_574073,4233264,s-102966-1a0003.tif,d26a505e9d113b80dd6b3d813e15ee24ac669ad9,285,1,中度损伤线粒体|健康线粒体|肌浆网|脂滴|Z线|T管|M线|心肌侧管
101297__2025_03_20_14_38_57_432942__587365,train,annotated_nonzero,101297,cases_export_1775094268776,2025_03_20_14_38_57_432942,587365,s-101297-1a0004.tif,d31cb1283c49755402ca7e7f18be840fd5f8e1eb,201,1,严重损伤线粒体|中度损伤线粒体|健康线粒体|Z线样物质堆积|Z线|M线|心肌侧管
101773__2026_01_27_11_03_03_380136__631226,val,annotated_nonzero,101773,cases_export_1775094268776,2026_01_27_11_03_03_380136,631226,s-101773-1a0003.tif,d35f66d500d7b2bda2685abf8696e425a36ef33c,201,1,严重损伤线粒体|中度损伤线粒体|健康线粒体|肌浆网|Z线|T管|M线|心肌侧管
78192__2025_02_06_11_04_02_84862__9686799,train,annotated_nonzero,78192,cases_export_1775099769937,2025_02_06_11_04_02_84862,9686799,s-78192-1a0014.tif,d38d5ddbf3a49b3ba0d005ad7435b33dbb236bf7,248,1,严重损伤线粒体|中度损伤线粒体|健康线粒体|肌浆网|Z线|M线|心肌侧管
99575__2025_02_07_13_52_08_837875__5271562,val,annotated_nonzero,99575,cases_export_1775094268776,2025_02_07_13_52_08_837875,5271562,s-99575-1b0003.tif,d4396252519bcedb477be93e4997536097baeab9,163,1,严重损伤线粒体|中度损伤线粒体|健康线粒体|自噬线粒体|闰盘|脂滴|Z线|T管|M线|心肌侧管
102455__2025_03_20_09_17_15_98408__974747,train,annotated_nonzero,102455,cases_export_1775094268776,2025_03_20_09_17_15_98408,974747,s-102455-1b0022.tif,d4732c27c55bc79bf6e71ef0a219e12395f4d1ce,267,1,健康线粒体|肌浆网|Z线|M线|心肌侧管
102455__2025_03_20_09_17_15_98408__3065669,train,groups_but_zero_marks,102455,cases_export_1775094268776,2025_03_20_09_17_15_98408,3065669,s-102455-1b0003.tif,d51ebb7e951519d62a7d9b3ab847eb9ee23e55c7,0,1,
100727__2025_09_29_09_59_10_133471__7106732,train,groups_but_zero_marks,100727,cases_export_1775094268776,2025_09_29_09_59_10_133471,7106732,s-100727-1b0005.tif,d590b291dc48e492ed6ca5f0cbb7d5eed43848ea,0,1,
,,template_only_no_mark_tables,101685,cases_export_1775094268776,2025_03_20_08_38_48_765312,9334554,s-101685-1a0021.tif,d6badd36bd6f3eb27236ca3eacb23a0b701614f8,0,1,
102270__2025_03_20_09_34_30_738210__7652072,train,annotated_nonzero,102270,cases_export_1775094268776,2025_03_20_09_34_30_738210,7652072,s-102270-1a0004.tif,d6c75e8145b757645c9f7ceeef7770920d9ef926,21,1,Z线样物质堆积
101297__2025_03_20_14_38_57_432942__6489274,train,annotated_nonzero,101297,cases_export_1775094268776,2025_03_20_14_38_57_432942,6489274,s-101297-1a0006.tif,d73c5d5ae78d5985e5ef19e4e259f7413379a853,199,1,严重损伤线粒体|中度损伤线粒体|健康线粒体|肌浆网|Z线样物质堆积|Z线|M线|心肌侧管
102487__2025_03_20_09_21_52_702063__7920471,train,groups_but_zero_marks,102487,cases_export_1775094268776,2025_03_20_09_21_52_702063,7920471,s-102487-1a0018.tif,d7e1a27f7f39bed4282a71ab20cb70fee9ec2f3e,0,1,
78192__2025_02_06_11_04_02_84862__2747754,train,groups_but_zero_marks,78192,cases_export_1775099769937,2025_02_06_11_04_02_84862,2747754,s-78192-1a0002.tif,d848c247790b49df2d61f891d6b3061a45d8ffe8,0,1,
78192__2025_02_06_11_04_02_84862__9165057,train,annotated_nonzero,78192,cases_export_1775099769937,2025_02_06_11_04_02_84862,9165057,s-78192-1a0024.tif,d86aae77327ffea4b25961afac88b899006359c8,284,1,严重损伤线粒体|中度损伤线粒体|健康线粒体|肌浆网|Z线|M线|心肌侧管
101773__2026_01_27_11_03_03_380136__7782179,val,annotated_nonzero,101773,cases_export_1775094268776,2026_01_27_11_03_03_380136,7782179,s-101773-1b0006.tif,d8ce6e21aab51202559fec5095ba016540d5670d,44,1,严重损伤线粒体|中度损伤线粒体|健康线粒体|Z线|M线|心肌侧管
100538__2025_09_24_08_33_54_796934__8456614,test,annotated_nonzero,100538,cases_export_1775094268776,2025_09_24_08_33_54_796934,8456614,s-100538-1b0005.tif,d95967ab1001d09ff7f6698dac2b50311cf131a9,186,2,严重损伤线粒体|中度损伤线粒体|健康线粒体|Z线|M线|心肌侧管
78192__2025_02_06_11_04_02_84862__9530847,train,annotated_nonzero,78192,cases_export_1775099769937,2025_02_06_11_04_02_84862,9530847,s-78192-1a0011.tif,d99a6e5a5d3f02e6c2405605878ee137caff04c9,276,1,严重损伤线粒体|中度损伤线粒体|健康线粒体|肌浆网|Z线|M线|心肌侧管
82765__2025_02_06_15_24_06_973921__3204303,train,groups_but_zero_marks,82765,cases_export_1775094268776,2025_02_06_15_24_06_973921,3204303,s-82765-1b0009.tif,db2190f95304f953026c65f255e473865401b7af,0,1,
78709__2025_02_06_11_21_39_830540__1233599,train,groups_but_zero_marks,78709,cases_export_1775099769937,2025_02_06_11_21_39_830540,1233599,s-78709-1a0013.tif,dccb437023e4b55a2b0d96a4fbcae0d5e70da4f6,0,1,
,,template_only_no_mark_tables,101685,cases_export_1775094268776,2025_03_20_08_38_48_765312,4790207,s-101685-1a0008.tif,dd1dc68ef9ba51d062dedd3a4bf40b9492b3549f,0,1,
101879__2025_09_29_14_17_57_268617__4891534,test,annotated_nonzero,101879,cases_export_1775094268776,2025_09_29_14_17_57_268617,4891534,s-101879-1a0009.tif,dd33aa8c584fe9a18a3f49d5109b3864c72d345f,36,1,严重损伤线粒体|中度损伤线粒体|健康线粒体
102487__2025_03_20_09_21_52_702063__1199082,train,groups_but_zero_marks,102487,cases_export_1775094268776,2025_03_20_09_21_52_702063,1199082,s-102487-1a0020.tif,dd66c92430fedc2aec6a384437ecdb5b5a352086,0,1,
98307__2025_03_20_15_37_04_74162__6806880,train,annotated_nonzero,98307,cases_export_1775094268776,2025_03_20_15_37_04_74162,6806880,s-98307-1b0001.tif,dd850b230a1be2d2ac70f5e2d7bf9aa0bc4e2723,231,1,严重损伤线粒体|中度损伤线粒体|健康线粒体|肌浆网|脂滴|Z线|M线|心肌侧管
109395__2025_12_16_17_05_22_689098__8600012,val,annotated_nonzero,109395,cases_export_1775094268776,2025_12_16_17_05_22_689098,8600012,E10939512.tif,ddd4b091ddb80c118ec59616229d37d44d19ca77,271,1,严重损伤线粒体|中度损伤线粒体|健康线粒体|自噬线粒体|Z线|M线|心肌侧管
101773__2026_01_27_11_03_03_380136__3040157,val,annotated_nonzero,101773,cases_export_1775094268776,2026_01_27_11_03_03_380136,3040157,s-101773-1b0014.tif,ddd5fc66a17cacdce4fe728d5097bb03a452a716,186,1,中度损伤线粒体|健康线粒体|Z线|M线|心肌侧管
101685__2025_03_20_08_38_48_765312__3651634,train,groups_but_zero_marks,101685,cases_export_1775094268776,2025_03_20_08_38_48_765312,3651634,s-101685-1a0029.tif,de5a67d6106e1153981b2464b4c8344c73147679,0,1,
99574__2025_02_07_13_49_55_661479__2171566,train,groups_but_zero_marks,99574,cases_export_1775094268776,2025_02_07_13_49_55_661479,2171566,s-99574-1a0003 (2).tif,def33b10e1ad6bb2ca4ffb3961649b1482bb1818,0,1,
78192__2025_02_06_11_04_02_84862__2607111,train,annotated_nonzero,78192,cases_export_1775099769937,2025_02_06_11_04_02_84862,2607111,s-78192-1a0026.tif,df12c8448c0dca3f4d0064f38ed0b5107c0e924b,247,1,严重损伤线粒体|中度损伤线粒体|健康线粒体|肌浆网|Z线|M线|心肌侧管
82765__2025_02_06_15_24_06_973921__643068,train,annotated_nonzero,82765,cases_export_1775094268776,2025_02_06_15_24_06_973921,643068,s-82765-1b0008.tif,df4b9e0ebb33d66b8476feee679886e0fd9eb357,4,1,严重损伤线粒体|中度损伤线粒体
73539__2025_02_06_10_51_34_380279__4860188,test,annotated_nonzero,73539,cases_export_1775099769937,2025_02_06_10_51_34_380279,4860188,s-73539-1b0003 (2).tif,df5c791719a84b2d1f17fb7eab8316569a8076c0,236,1,严重损伤线粒体|中度损伤线粒体|健康线粒体|肌浆网|Z线|M线|心肌侧管
98307__2025_03_20_15_37_04_74162__7692482,train,groups_but_zero_marks,98307,cases_export_1775094268776,2025_03_20_15_37_04_74162,7692482,s-98307-1a0005.tif,dfdb2e293821fd482ed5beeabb4f474d69602f7b,0,1,
101720__2025_02_07_13_56_22_742686__4576017,val,annotated_nonzero,101720,cases_export_1775094268776,2025_02_07_13_56_22_742686,4576017,s-101720-1b0008.tif,dfe0e1a0818cddc6b6ed8f1a5add2bd05a65d931,327,1,中度损伤线粒体|健康线粒体|肌浆网|脂滴|Z线|T管|M线|心肌侧管
101773__2026_01_27_11_03_03_380136__757922,val,groups_but_zero_marks,101773,cases_export_1775094268776,2026_01_27_11_03_03_380136,757922,s-101773-1b0004.tif,e1580727b89362355914cec0373b3d5a7fbd5b52,0,1,
101509__2025_09_29_14_09_24_546711__329832,train,annotated_nonzero,101509,cases_export_1775094268776,2025_09_29_14_09_24_546711,329832,s-101509-1a0009.tif,e1708051d328942da0765593ec21d09a45568bb4,275,1,中度损伤线粒体|健康线粒体|肌浆网|Z线|M线|心肌侧管
104173__2025_05_15_10_58_22_187034__3223815,train,annotated_nonzero,104173,cases_export_1775094268776,2025_05_15_10_58_22_187034,3223815,10417315.tif,e380ccc6265da5e06a33ff232d96f546c03189b8,509,1,严重损伤线粒体|中度损伤线粒体|健康线粒体|肌浆网|脂滴|Z线|T管|M线|心肌侧管
100963__2025_09_29_13_51_14_561253__9698956,train,groups_but_zero_marks,100963,cases_export_1775094268776,2025_09_29_13_51_14_561253,9698956,s-1009630010.tif,e3f7819d6a413b8797c07c2b4afbed99352732ea,0,1,
98307__2025_03_20_15_37_04_74162__575829,train,groups_but_zero_marks,98307,cases_export_1775094268776,2025_03_20_15_37_04_74162,575829,s-98307-1a0003.tif,e45ce5ee05323a9d62b3317d2117409005757ef8,0,1,
78192__2025_02_06_11_04_02_84862__7433666,train,annotated_nonzero,78192,cases_export_1775099769937,2025_02_06_11_04_02_84862,7433666,s-78192-1a0019.tif,e546bc60af6fa7c737590544bd0276185a62fdee,88,1,健康线粒体|Z线|M线
76355__2025_09_21_21_24_34_307417__8267328,val,annotated_nonzero,76355,cases_export_1775094268776,2025_09_21_21_24_34_307417,8267328,76355-1b0002.tif,e6cbb1134418f921b04d50b7af5960f2820e0325,53,1,中度损伤线粒体|健康线粒体|Z线|M线|心肌侧管
95988__2025_03_20_17_08_19_605178__7312312,train,groups_but_zero_marks,95988,cases_export_1775094268776,2025_03_20_17_08_19_605178,7312312,s-95988-1b0004.tif,e6d49a618061a36f7cbea04ef21483827bc3f62a,0,1,
73539__2025_02_06_10_51_34_380279__1844252,test,annotated_nonzero,73539,cases_export_1775099769937,2025_02_06_10_51_34_380279,1844252,s-73539-1a0003.tif,e7ece6ebbfa35cd77720ca48bd94655142587df5,176,1,严重损伤线粒体|中度损伤线粒体|健康线粒体|肌浆网|Z线|M线|心肌侧管
102455__2025_03_20_09_17_15_98408__8722000,train,annotated_nonzero,102455,cases_export_1775094268776,2025_03_20_09_17_15_98408,8722000,s-102455-1b0038.tif,e7f0b283d7c9e21e8735f5ec2d0204953e71476f,193,1,健康线粒体|脂滴|Z线|M线|心肌侧管
109395__2025_12_16_17_05_22_689098__4100131,val,annotated_nonzero,109395,cases_export_1775094268776,2025_12_16_17_05_22_689098,4100131,E10939505.tif,e8b5972c6b08391b6774e25fc837253a8fc40611,332,1,严重损伤线粒体|中度损伤线粒体|健康线粒体|Z线|M线|心肌侧管
99575__2025_02_07_13_52_08_837875__2896724,val,annotated_nonzero,99575,cases_export_1775094268776,2025_02_07_13_52_08_837875,2896724,s-99575-1b0002.tif,e8e2bdcc64931b9c42ece02e5a02c6b80e59a7e7,189,1,严重损伤线粒体|中度损伤线粒体|健康线粒体|闰盘|脂滴|Z线|M线|心肌侧管
79442__2025_02_06_11_30_57_289449__1656248,train,groups_but_zero_marks,79442,cases_export_1775099769937,2025_02_06_11_30_57_289449,1656248,s-79442-1a0015.tif,e939ca01a31030774b3358f5aaa49ed111adfc61,0,1,
95988__2025_03_20_17_08_19_605178__4571879,train,annotated_nonzero,95988,cases_export_1775094268776,2025_03_20_17_08_19_605178,4571879,s-95988-1a0001.tif,e986713e3b042de90db4e33b82ef4c26788c79f3,259,1,健康线粒体|肌浆网|Z线|T管|M线|心肌侧管
99575__2025_02_07_13_52_08_837875__1160377,val,annotated_nonzero,99575,cases_export_1775094268776,2025_02_07_13_52_08_837875,1160377,s-99575-1a0005.tif,ea46df52515ea2c644f7472764e7dad6c4488487,203,1,中度损伤线粒体|健康线粒体|肌浆网|脂滴|Z线|M线|心肌侧管
96650__2025_02_07_13_43_15_586952__8337781,test,annotated_nonzero,96650,cases_export_1775094268776,2025_02_07_13_43_15_586952,8337781,s-96650-1a0003.tif,eba0956af768b20fa87d8ee5e7e4cc77adbf82d2,52,1,严重损伤线粒体|中度损伤线粒体|健康线粒体|Z线|心肌侧管
101879__2025_09_29_14_17_57_268617__4900846,test,annotated_nonzero,101879,cases_export_1775094268776,2025_09_29_14_17_57_268617,4900846,s-101879-1b0003.tif,ec69f941a0cced8dc5754d91dc356176aa7c808e,296,1,严重损伤线粒体|中度损伤线粒体|健康线粒体|肌浆网|Z线|T管|M线|心肌侧管
101720__2025_02_07_13_56_22_742686__1357503,val,annotated_nonzero,101720,cases_export_1775094268776,2025_02_07_13_56_22_742686,1357503,s-101720-1b0009.tif,edb1211833e5a863e7600b1479fb05d03d2305d8,310,1,严重损伤线粒体|健康线粒体|闰盘|脂滴|Z线|T管|M线|心肌侧管
78192__2025_02_06_11_04_02_84862__1370252,train,annotated_nonzero,78192,cases_export_1775099769937,2025_02_06_11_04_02_84862,1370252,s-78192-1a0021.tif,edf26923233c5bce216ac6415081fd1a321a97c2,293,1,严重损伤线粒体|中度损伤线粒体|健康线粒体|Z线|M线|心肌侧管
101165__2025_03_20_14_42_35_303909__5182861,train,annotated_nonzero,101165,cases_export_1775094268776,2025_03_20_14_42_35_303909,5182861,s-101165-1b0002.tif,f169b7f3fbf177ad14d9a3a7c44885c6f2c89eac,307,2,严重损伤线粒体|中度损伤线粒体|健康线粒体|肌浆网|Z线|M线|心肌侧管
101720__2025_02_07_13_56_22_742686__9919964,val,groups_but_zero_marks,101720,cases_export_1775094268776,2025_02_07_13_56_22_742686,9919964,s-101720-1a0008.tif,f180f3d0f8595465a398eee1d47adb38a4d22abe,0,1,
101431__2025_03_20_13_36_27_466882__6727977,train,groups_but_zero_marks,101431,cases_export_1775094268776,2025_03_20_13_36_27_466882,6727977,s-101431-1a0003.tif,f22ddb1d30246200cfbafe69161c6add2d7b0716,0,1,
78192__2025_02_06_11_04_02_84862__8506530,train,annotated_nonzero,78192,cases_export_1775099769937,2025_02_06_11_04_02_84862,8506530,s-78192-1a0001 (2).tif,f340aa675bfd8d9da87f005c0dfc11b99e5628cc,451,1,严重损伤线粒体|中度损伤线粒体|健康线粒体|肌浆网|Z线|M线|心肌侧管
100404__2025_03_20_14_58_23_305559__6030498,train,annotated_nonzero,100404,cases_export_1775094268776,2025_03_20_14_58_23_305559,6030498,s-100404-1b0002.tif,f3d0ce70de8b58bbda1c79e3c5c57a0d1db15f18,86,1,严重损伤线粒体|中度损伤线粒体|健康线粒体|Z线|M线|心肌侧管
99575__2025_02_07_13_52_08_837875__8428602,val,annotated_nonzero,99575,cases_export_1775094268776,2025_02_07_13_52_08_837875,8428602,s-99575-1a0003.tif,f4004b3e694c1bb42d4ea402af48392b65b0492a,134,1,严重损伤线粒体|中度损伤线粒体|健康线粒体|肌浆网|Z线|M线|心肌侧管
101581__2025_07_24_13_54_36_303072__7618023,train,groups_but_zero_marks,101581,cases_export_1775094268776,2025_07_24_13_54_36_303072,7618023,s-101581-1b0012.tif,f4c50d11621c8c69d26f1b9900425b024b326309,0,1,
99574__2025_02_07_13_49_55_661479__8394528,train,groups_but_zero_marks,99574,cases_export_1775094268776,2025_02_07_13_49_55_661479,8394528,s-99574-1a0017.tif,f4d05d7b592c7d48762805ab4548f1a62c18fd4e,0,1,
82765__2025_02_06_15_24_06_973921__8704488,train,groups_but_zero_marks,82765,cases_export_1775094268776,2025_02_06_15_24_06_973921,8704488,s-82765-1b0005.tif,f5ac8c42c2886c48ae75d8a5fab8be6f9a3ad1d1,0,1,
102487__2025_03_20_09_21_52_702063__739142,train,groups_but_zero_marks,102487,cases_export_1775094268776,2025_03_20_09_21_52_702063,739142,s-102487-1a0015.tif,f63e03151045e18ae8059a07468fe91134d2f590,0,1,
101685__2025_03_20_08_38_48_765312__1502029,train,groups_but_zero_marks,101685,cases_export_1775094268776,2025_03_20_08_38_48_765312,1502029,s-101685-1a0001.tif,f678f07082c522c42940b18e6135b537e3f1fa34,0,1,
73539__2025_02_06_10_51_34_380279__5268693,test,annotated_nonzero,73539,cases_export_1775099769937,2025_02_06_10_51_34_380279,5268693,s-73539-1b0004 (2).tif,f82294a7e182f79407222bd7dae75336771d8bf5,250,1,严重损伤线粒体|中度损伤线粒体|健康线粒体|肌浆网|Z线|M线|心肌侧管
101720__2025_02_07_13_56_22_742686__6869025,val,groups_but_zero_marks,101720,cases_export_1775094268776,2025_02_07_13_56_22_742686,6869025,s-101720-1a0007.tif,f8c5502e0c0141ab902bf82cf373e70c376baf9d,0,1,
78192__2025_02_06_11_04_02_84862__913294,train,annotated_nonzero,78192,cases_export_1775099769937,2025_02_06_11_04_02_84862,913294,s-78192-1b0002.tif,f8e6abd8f56786aafd36dc16a518c621b35fd75b,74,1,严重损伤线粒体|中度损伤线粒体|健康线粒体|肌浆网|Z线|M线|心肌侧管
100538__2025_02_07_13_53_31_253108__9069382,test,annotated_nonzero,100538,cases_export_1775094268776,2025_02_07_13_53_31_253108,9069382,s-100538-1a0002.tif,fa56d6f808041a0b5752903f6b568d12c566028b,108,2,严重损伤线粒体|中度损伤线粒体|健康线粒体|肌浆网|Z线|M线
101720__2025_02_07_13_56_22_742686__5419087,val,annotated_nonzero,101720,cases_export_1775094268776,2025_02_07_13_56_22_742686,5419087,s-101720-1a0013.tif,fbc116d5f92ec49d70ece6861ae6181bdd316137,129,1,严重损伤线粒体|中度损伤线粒体|健康线粒体|肌浆网|脂滴|Z线|T管|M线|心肌侧管
78709__2025_02_06_11_21_39_830540__2744756,train,groups_but_zero_marks,78709,cases_export_1775099769937,2025_02_06_11_21_39_830540,2744756,s-78709-1a0022.tif,fc249a6d5dbb5076cb40a34272d903b2d1a99faf,0,1,
100538__2025_02_07_13_53_31_253108__5091927,test,annotated_nonzero,100538,cases_export_1775094268776,2025_02_07_13_53_31_253108,5091927,s-100538-1b0003.tif,fc6dd30d9036dec0e75b2904cf4f34a52ffbd273,119,2,严重损伤线粒体|中度损伤线粒体|健康线粒体|肌浆网|闰盘|Z线样物质堆积|脂滴|Z线|M线|心肌侧管
100727__2025_09_29_09_59_10_133471__8833486,train,annotated_nonzero,100727,cases_export_1775094268776,2025_09_29_09_59_10_133471,8833486,s-100727-1b0002.tif,fca53acd2b71cbc504956d9948c89748f958b6e4,138,1,严重损伤线粒体|中度损伤线粒体|健康线粒体|肌浆网|脂滴|Z线|M线|心肌侧管
76355__2025_09_21_21_24_34_307417__2338054,val,annotated_nonzero,76355,cases_export_1775094268776,2025_09_21_21_24_34_307417,2338054,76355-1b0008.tif,fd127c774e94cca395c2fa63429d28ae2ca4e5b9,115,1,严重损伤线粒体|中度损伤线粒体|健康线粒体|Z线|M线|心肌侧管
100727__2025_09_29_09_59_10_133471__4872988,train,annotated_nonzero,100727,cases_export_1775094268776,2025_09_29_09_59_10_133471,4872988,s-100727-1b0004.tif,fde6dd7757548506f6caf19f4225c48636db9bbd,189,1,严重损伤线粒体|中度损伤线粒体|健康线粒体|Z线|T管|M线|心肌侧管
102487__2025_03_20_09_21_52_702063__258902,train,annotated_nonzero,102487,cases_export_1775094268776,2025_03_20_09_21_52_702063,258902,s-102487-1b0001.tif,fe7b97d593c7f14eda38877758f2f2c0dff0c6b2,172,1,严重损伤线粒体|中度损伤线粒体|健康线粒体|肌浆网|Z线样物质堆积|脂滴|Z线|T管|M线|心肌侧管
